rule_id,file,line,col,severity,message,spec_ref,impl_id,test_ref,check_method,auto_checkable,fix_status
,/Users/stefan/.openclaw/workspace/yuleASR/src/bsw/services/cantsyn/src/CanTsyn.c,28,0,information,"Include file: ""CanTSyn.h"" not found. [missingInclude]",,,,,True,unresolved
,/Users/stefan/.openclaw/workspace/yuleASR/src/bsw/services/cantsyn/src/CanTsyn.c,29,0,information,"Include file: ""CanTSyn_Cfg.h"" not found. [missingInclude]",,,,,True,unresolved
,/Users/stefan/.openclaw/workspace/yuleASR/src/bsw/services/cantsyn/src/CanTsyn.c,30,0,information,"Include file: ""CanIf.h"" not found. [missingInclude]",,,,,True,unresolved
,/Users/stefan/.openclaw/workspace/yuleASR/src/bsw/services/cantsyn/src/CanTsyn.c,31,0,information,"Include file: ""StbM.h"" not found. [missingInclude]",,,,,True,unresolved
,/Users/stefan/.openclaw/workspace/yuleASR/src/bsw/services/cantsyn/src/CanTsyn.c,32,0,information,"Include file: ""Os.h"" not found. [missingInclude]",,,,,True,unresolved
,/Users/stefan/.openclaw/workspace/yuleASR/src/bsw/services/cantsyn/src/CanTsyn.c,0,0,information,Limiting analysis of branches. Use --check-level=exhaustive to analyze all branches. [normalCheckLevelMaxBranches],,,,,True,unresolved
,/Users/stefan/.openclaw/workspace/yuleASR/src/bsw/services/cantsyn/src/CanTsyn.c,301,0,style,Unused variable: i [unusedVariable],,,,,True,unresolved
misra-c2023-8.4,/Users/stefan/.openclaw/workspace/yuleASR/src/bsw/services/cantsyn/src/CanTsyn.c,151,0,style,misra violation (use --rule-texts=<file> to get proper output) [misra-c2012-8.4],SWE-MISRA-S1,cppcheck,,cppcheck,True,unresolved
misra-c2023-8.4,/Users/stefan/.openclaw/workspace/yuleASR/src/bsw/services/cantsyn/src/CanTsyn.c,192,0,style,misra violation (use --rule-texts=<file> to get proper output) [misra-c2012-8.4],SWE-MISRA-S1,cppcheck,,cppcheck,True,unresolved
misra-c2023-8.4,/Users/stefan/.openclaw/workspace/yuleASR/src/bsw/services/cantsyn/src/CanTsyn.c,214,0,style,misra violation (use --rule-texts=<file> to get proper output) [misra-c2012-8.4],SWE-MISRA-S1,cppcheck,,cppcheck,True,unresolved
misra-c2023-8.4,/Users/stefan/.openclaw/workspace/yuleASR/src/bsw/services/cantsyn/src/CanTsyn.c,242,0,style,misra violation (use --rule-texts=<file> to get proper output) [misra-c2012-8.4],SWE-MISRA-S1,cppcheck,,cppcheck,True,unresolved
misra-c2023-8.4,/Users/stefan/.openclaw/workspace/yuleASR/src/bsw/services/cantsyn/src/CanTsyn.c,468,0,style,misra violation (use --rule-texts=<file> to get proper output) [misra-c2012-8.4],SWE-MISRA-S1,cppcheck,,cppcheck,True,unresolved
misra-c2023-15.5,/Users/stefan/.openclaw/workspace/yuleASR/src/bsw/services/cantsyn/src/CanTsyn.c,160,0,style,misra violation (use --rule-texts=<file> to get proper output) [misra-c2012-15.5],SWE-MISRA-S1,cppcheck,,cppcheck,True,unresolved
misra-c2023-15.5,/Users/stefan/.openclaw/workspace/yuleASR/src/bsw/services/cantsyn/src/CanTsyn.c,167,0,style,misra violation (use --rule-texts=<file> to get proper output) [misra-c2012-15.5],SWE-MISRA-S1,cppcheck,,cppcheck,True,unresolved
misra-c2023-15.5,/Users/stefan/.openclaw/workspace/yuleASR/src/bsw/services/cantsyn/src/CanTsyn.c,199,0,style,misra violation (use --rule-texts=<file> to get proper output) [misra-c2012-15.5],SWE-MISRA-S1,cppcheck,,cppcheck,True,unresolved
misra-c2023-15.5,/Users/stefan/.openclaw/workspace/yuleASR/src/bsw/services/cantsyn/src/CanTsyn.c,221,0,style,misra violation (use --rule-texts=<file> to get proper output) [misra-c2012-15.5],SWE-MISRA-S1,cppcheck,,cppcheck,True,unresolved
misra-c2023-15.5,/Users/stefan/.openclaw/workspace/yuleASR/src/bsw/services/cantsyn/src/CanTsyn.c,228,0,style,misra violation (use --rule-texts=<file> to get proper output) [misra-c2012-15.5],SWE-MISRA-S1,cppcheck,,cppcheck,True,unresolved
misra-c2023-15.5,/Users/stefan/.openclaw/workspace/yuleASR/src/bsw/services/cantsyn/src/CanTsyn.c,252,0,style,misra violation (use --rule-texts=<file> to get proper output) [misra-c2012-15.5],SWE-MISRA-S1,cppcheck,,cppcheck,True,unresolved
misra-c2023-15.5,/Users/stefan/.openclaw/workspace/yuleASR/src/bsw/services/cantsyn/src/CanTsyn.c,259,0,style,misra violation (use --rule-texts=<file> to get proper output) [misra-c2012-15.5],SWE-MISRA-S1,cppcheck,,cppcheck,True,unresolved
misra-c2023-15.5,/Users/stefan/.openclaw/workspace/yuleASR/src/bsw/services/cantsyn/src/CanTsyn.c,266,0,style,misra violation (use --rule-texts=<file> to get proper output) [misra-c2012-15.5],SWE-MISRA-S1,cppcheck,,cppcheck,True,unresolved
misra-c2023-15.5,/Users/stefan/.openclaw/workspace/yuleASR/src/bsw/services/cantsyn/src/CanTsyn.c,278,0,style,misra violation (use --rule-texts=<file> to get proper output) [misra-c2012-15.5],SWE-MISRA-S1,cppcheck,,cppcheck,True,unresolved
misra-c2023-15.5,/Users/stefan/.openclaw/workspace/yuleASR/src/bsw/services/cantsyn/src/CanTsyn.c,482,0,style,misra violation (use --rule-texts=<file> to get proper output) [misra-c2012-15.5],SWE-MISRA-S1,cppcheck,,cppcheck,True,unresolved
misra-c2023-15.7,/Users/stefan/.openclaw/workspace/yuleASR/src/bsw/services/cantsyn/src/CanTsyn.c,289,0,style,misra violation (use --rule-texts=<file> to get proper output) [misra-c2012-15.7],SWE-MISRA-S1,cppcheck,,cppcheck,True,unresolved
,/Users/stefan/.openclaw/workspace/yuleASR/src/bsw/services/cantsyn/src/CanTsyn.c,116,0,error,"Because of missing configuration, misra checking is incomplete. There can be false negatives! Unknown constant CANTSYN_NUMBER_OF_TIME_DOMAINS, please review configuration [misra-config]",,,,,True,unresolved
,/Users/stefan/.openclaw/workspace/yuleASR/src/bsw/services/cantsyn/src/CanTsyn.c,163,0,error,"Because of missing configuration, misra checking is incomplete. There can be false negatives! Variable 'NULL_PTR' is unknown [misra-config]",,,,,True,unresolved
,/Users/stefan/.openclaw/workspace/yuleASR/src/bsw/services/cantsyn/src/CanTsyn.c,195,0,error,"Because of missing configuration, misra checking is incomplete. There can be false negatives! Variable 'NULL_PTR' is unknown [misra-config]",,,,,True,unresolved
,/Users/stefan/.openclaw/workspace/yuleASR/src/bsw/services/cantsyn/src/CanTsyn.c,224,0,error,"Because of missing configuration, misra checking is incomplete. There can be false negatives! Variable 'CANTSYN_NUMBER_OF_PDUS' is unknown [misra-config]",,,,,True,unresolved
,/Users/stefan/.openclaw/workspace/yuleASR/src/bsw/services/cantsyn/src/CanTsyn.c,232,0,error,"Because of missing configuration, misra checking is incomplete. There can be false negatives! Variable 'E_OK' is unknown [misra-config]",,,,,True,unresolved
,/Users/stefan/.openclaw/workspace/yuleASR/src/bsw/services/cantsyn/src/CanTsyn.c,255,0,error,"Because of missing configuration, misra checking is incomplete. There can be false negatives! Variable 'CANTSYN_NUMBER_OF_PDUS' is unknown [misra-config]",,,,,True,unresolved
,/Users/stefan/.openclaw/workspace/yuleASR/src/bsw/services/cantsyn/src/CanTsyn.c,262,0,error,"Because of missing configuration, misra checking is incomplete. There can be false negatives! Variable 'NULL_PTR' is unknown [misra-config]",,,,,True,unresolved
,/Users/stefan/.openclaw/workspace/yuleASR/src/bsw/services/cantsyn/src/CanTsyn.c,276,0,error,"Because of missing configuration, misra checking is incomplete. There can be false negatives! Variable 'CANTSYN_NUMBER_OF_TIME_DOMAINS' is unknown [misra-config]",,,,,True,unresolved
,/Users/stefan/.openclaw/workspace/yuleASR/src/bsw/services/cantsyn/src/CanTsyn.c,453,0,error,"Because of missing configuration, misra checking is incomplete. There can be false negatives! Variable 'E_OK' is unknown [misra-config]",,,,,True,unresolved
,/Users/stefan/.openclaw/workspace/yuleASR/src/bsw/services/cantsyn/src/CanTsyn.c,493,0,error,"Because of missing configuration, misra checking is incomplete. There can be false negatives! Variable 'CanTSyn_TimeDomainConfig' is unknown [misra-config]",,,,,True,unresolved
,/Users/stefan/.openclaw/workspace/yuleASR/src/bsw/services/cantsyn/src/CanTsyn.c,493,0,error,"Because of missing configuration, misra checking is incomplete. There can be false negatives! Variable 'IsTimeMaster' is unknown [misra-config]",,,,,True,unresolved
,/Users/stefan/.openclaw/workspace/yuleASR/src/bsw/services/cantsyn/src/CanTsyn.c,493,0,error,"Because of missing configuration, misra checking is incomplete. There can be false negatives! Variable 'TRUE' is unknown [misra-config]",,,,,True,unresolved
,/Users/stefan/.openclaw/workspace/yuleASR/src/bsw/services/cantsyn/src/CanTsyn.c,498,0,error,"Because of missing configuration, misra checking is incomplete. There can be false negatives! Variable 'E_OK' is unknown [misra-config]",,,,,True,unresolved
,/Users/stefan/.openclaw/workspace/yuleASR/src/bsw/services/cantsyn/src/CanTsyn.c,508,0,error,"Because of missing configuration, misra checking is incomplete. There can be false negatives! Variable 'E_OK' is unknown [misra-config]",,,,,True,unresolved
misra-c2023-20.9,/Users/stefan/.openclaw/workspace/yuleASR/src/bsw/services/cantsyn/src/CanTsyn.c,155,0,style,misra violation (use --rule-texts=<file> to get proper output) [misra-c2012-20.9],SWE-MISRA-S1,cppcheck,,cppcheck,True,unresolved
misra-c2023-20.9,/Users/stefan/.openclaw/workspace/yuleASR/src/bsw/services/cantsyn/src/CanTsyn.c,191,0,style,misra violation (use --rule-texts=<file> to get proper output) [misra-c2012-20.9],SWE-MISRA-S1,cppcheck,,cppcheck,True,unresolved
misra-c2023-20.9,/Users/stefan/.openclaw/workspace/yuleASR/src/bsw/services/cantsyn/src/CanTsyn.c,194,0,style,misra violation (use --rule-texts=<file> to get proper output) [misra-c2012-20.9],SWE-MISRA-S1,cppcheck,,cppcheck,True,unresolved
misra-c2023-20.9,/Users/stefan/.openclaw/workspace/yuleASR/src/bsw/services/cantsyn/src/CanTsyn.c,216,0,style,misra violation (use --rule-texts=<file> to get proper output) [misra-c2012-20.9],SWE-MISRA-S1,cppcheck,,cppcheck,True,unresolved
misra-c2023-20.9,/Users/stefan/.openclaw/workspace/yuleASR/src/bsw/services/cantsyn/src/CanTsyn.c,247,0,style,misra violation (use --rule-texts=<file> to get proper output) [misra-c2012-20.9],SWE-MISRA-S1,cppcheck,,cppcheck,True,unresolved
misra-c2023-20.9,/Users/stefan/.openclaw/workspace/yuleASR/src/bsw/services/cantsyn/src/CanTsyn.c,404,0,style,misra violation (use --rule-texts=<file> to get proper output) [misra-c2012-20.9],SWE-MISRA-S1,cppcheck,,cppcheck,True,unresolved
misra-c2023-20.9,/Users/stefan/.openclaw/workspace/yuleASR/src/bsw/services/cantsyn/src/CanTsyn.c,439,0,style,misra violation (use --rule-texts=<file> to get proper output) [misra-c2012-20.9],SWE-MISRA-S1,cppcheck,,cppcheck,True,unresolved
misra-c2023-20.9,/Users/stefan/.openclaw/workspace/yuleASR/src/bsw/services/cantsyn/src/CanTsyn.c,477,0,style,misra violation (use --rule-texts=<file> to get proper output) [misra-c2012-20.9],SWE-MISRA-S1,cppcheck,,cppcheck,True,unresolved
misra-c2023-20.9,/Users/stefan/.openclaw/workspace/yuleASR/src/bsw/services/cantsyn/src/CanTsyn.c,491,0,style,misra violation (use --rule-texts=<file> to get proper output) [misra-c2012-20.9],SWE-MISRA-S1,cppcheck,,cppcheck,True,unresolved
,/Users/stefan/.openclaw/workspace/yuleASR/src/bsw/services/comm/src/ComM.c,28,0,information,"Include file: ""ComM.h"" not found. [missingInclude]",,,,,True,unresolved
,/Users/stefan/.openclaw/workspace/yuleASR/src/bsw/services/comm/src/ComM.c,29,0,information,"Include file: ""ComM_Cfg.h"" not found. [missingInclude]",,,,,True,unresolved
,/Users/stefan/.openclaw/workspace/yuleASR/src/bsw/services/comm/src/ComM.c,30,0,information,"Include file: ""Det.h"" not found. [missingInclude]",,,,,True,unresolved
,/Users/stefan/.openclaw/workspace/yuleASR/src/bsw/services/comm/src/ComM.c,734,0,style,The statement 'if (ComM_ChannelStates[Channel].CurrentMode!=newMode) ComM_ChannelStates[Channel].CurrentMode=newMode' is logically equivalent to 'ComM_ChannelStates[Channel].CurrentMode=newMode'. [duplicateConditionalAssign],,,,,True,unresolved
,/Users/stefan/.openclaw/workspace/yuleASR/src/bsw/services/comm/src/ComM.c,735,0,note,Assignment 'ComM_ChannelStates[Channel].CurrentMode=newMode',,,,,True,unresolved
,/Users/stefan/.openclaw/workspace/yuleASR/src/bsw/services/comm/src/ComM.c,734,0,note,Condition 'ComM_ChannelStates[Channel].CurrentMode!=newMode' is redundant,,,,,True,unresolved
misra-c2023-8.4,/Users/stefan/.openclaw/workspace/yuleASR/src/bsw/services/comm/src/ComM.c,90,0,style,misra violation (use --rule-texts=<file> to get proper output) [misra-c2012-8.4],SWE-MISRA-S1,cppcheck,,cppcheck,True,unresolved
misra-c2023-8.4,/Users/stefan/.openclaw/workspace/yuleASR/src/bsw/services/comm/src/ComM.c,143,0,style,misra violation (use --rule-texts=<file> to get proper output) [misra-c2012-8.4],SWE-MISRA-S1,cppcheck,,cppcheck,True,unresolved
misra-c2023-8.4,/Users/stefan/.openclaw/workspace/yuleASR/src/bsw/services/comm/src/ComM.c,165,0,style,misra violation (use --rule-texts=<file> to get proper output) [misra-c2012-8.4],SWE-MISRA-S1,cppcheck,,cppcheck,True,unresolved
misra-c2023-8.4,/Users/stefan/.openclaw/workspace/yuleASR/src/bsw/services/comm/src/ComM.c,188,0,style,misra violation (use --rule-texts=<file> to get proper output) [misra-c2012-8.4],SWE-MISRA-S1,cppcheck,,cppcheck,True,unresolved
misra-c2023-8.4,/Users/stefan/.openclaw/workspace/yuleASR/src/bsw/services/comm/src/ComM.c,215,0,style,misra violation (use --rule-texts=<file> to get proper output) [misra-c2012-8.4],SWE-MISRA-S1,cppcheck,,cppcheck,True,unresolved
misra-c2023-8.4,/Users/stefan/.openclaw/workspace/yuleASR/src/bsw/services/comm/src/ComM.c,238,0,style,misra violation (use --rule-texts=<file> to get proper output) [misra-c2012-8.4],SWE-MISRA-S1,cppcheck,,cppcheck,True,unresolved
misra-c2023-8.4,/Users/stefan/.openclaw/workspace/yuleASR/src/bsw/services/comm/src/ComM.c,243,0,style,misra violation (use --rule-texts=<file> to get proper output) [misra-c2012-8.4],SWE-MISRA-S1,cppcheck,,cppcheck,True,unresolved
misra-c2023-8.4,/Users/stefan/.openclaw/workspace/yuleASR/src/bsw/services/comm/src/ComM.c,283,0,style,misra violation (use --rule-texts=<file> to get proper output) [misra-c2012-8.4],SWE-MISRA-S1,cppcheck,,cppcheck,True,unresolved
misra-c2023-8.4,/Users/stefan/.openclaw/workspace/yuleASR/src/bsw/services/comm/src/ComM.c,300,0,style,misra violation (use --rule-texts=<file> to get proper output) [misra-c2012-8.4],SWE-MISRA-S1,cppcheck,,cppcheck,True,unresolved
misra-c2023-8.4,/Users/stefan/.openclaw/workspace/yuleASR/src/bsw/services/comm/src/ComM.c,325,0,style,misra violation (use --rule-texts=<file> to get proper output) [misra-c2012-8.4],SWE-MISRA-S1,cppcheck,,cppcheck,True,unresolved
misra-c2023-8.4,/Users/stefan/.openclaw/workspace/yuleASR/src/bsw/services/comm/src/ComM.c,334,0,style,misra violation (use --rule-texts=<file> to get proper output) [misra-c2012-8.4],SWE-MISRA-S1,cppcheck,,cppcheck,True,unresolved
misra-c2023-8.4,/Users/stefan/.openclaw/workspace/yuleASR/src/bsw/services/comm/src/ComM.c,352,0,style,misra violation (use --rule-texts=<file> to get proper output) [misra-c2012-8.4],SWE-MISRA-S1,cppcheck,,cppcheck,True,unresolved
misra-c2023-8.4,/Users/stefan/.openclaw/workspace/yuleASR/src/bsw/services/comm/src/ComM.c,373,0,style,misra violation (use --rule-texts=<file> to get proper output) [misra-c2012-8.4],SWE-MISRA-S1,cppcheck,,cppcheck,True,unresolved
misra-c2023-8.4,/Users/stefan/.openclaw/workspace/yuleASR/src/bsw/services/comm/src/ComM.c,395,0,style,misra violation (use --rule-texts=<file> to get proper output) [misra-c2012-8.4],SWE-MISRA-S1,cppcheck,,cppcheck,True,unresolved
misra-c2023-8.4,/Users/stefan/.openclaw/workspace/yuleASR/src/bsw/services/comm/src/ComM.c,410,0,style,misra violation (use --rule-texts=<file> to get proper output) [misra-c2012-8.4],SWE-MISRA-S1,cppcheck,,cppcheck,True,unresolved
misra-c2023-8.4,/Users/stefan/.openclaw/workspace/yuleASR/src/bsw/services/comm/src/ComM.c,420,0,style,misra violation (use --rule-texts=<file> to get proper output) [misra-c2012-8.4],SWE-MISRA-S1,cppcheck,,cppcheck,True,unresolved
misra-c2023-8.4,/Users/stefan/.openclaw/workspace/yuleASR/src/bsw/services/comm/src/ComM.c,447,0,style,misra violation (use --rule-texts=<file> to get proper output) [misra-c2012-8.4],SWE-MISRA-S1,cppcheck,,cppcheck,True,unresolved
misra-c2023-8.4,/Users/stefan/.openclaw/workspace/yuleASR/src/bsw/services/comm/src/ComM.c,452,0,style,misra violation (use --rule-texts=<file> to get proper output) [misra-c2012-8.4],SWE-MISRA-S1,cppcheck,,cppcheck,True,unresolved
misra-c2023-8.4,/Users/stefan/.openclaw/workspace/yuleASR/src/bsw/services/comm/src/ComM.c,457,0,style,misra violation (use --rule-texts=<file> to get proper output) [misra-c2012-8.4],SWE-MISRA-S1,cppcheck,,cppcheck,True,unresolved
misra-c2023-8.4,/Users/stefan/.openclaw/workspace/yuleASR/src/bsw/services/comm/src/ComM.c,466,0,style,misra violation (use --rule-texts=<file> to get proper output) [misra-c2012-8.4],SWE-MISRA-S1,cppcheck,,cppcheck,True,unresolved
misra-c2023-8.4,/Users/stefan/.openclaw/workspace/yuleASR/src/bsw/services/comm/src/ComM.c,483,0,style,misra violation (use --rule-texts=<file> to get proper output) [misra-c2012-8.4],SWE-MISRA-S1,cppcheck,,cppcheck,True,unresolved
misra-c2023-8.4,/Users/stefan/.openclaw/workspace/yuleASR/src/bsw/services/comm/src/ComM.c,497,0,style,misra violation (use --rule-texts=<file> to get proper output) [misra-c2012-8.4],SWE-MISRA-S1,cppcheck,,cppcheck,True,unresolved
misra-c2023-8.4,/Users/stefan/.openclaw/workspace/yuleASR/src/bsw/services/comm/src/ComM.c,521,0,style,misra violation (use --rule-texts=<file> to get proper output) [misra-c2012-8.4],SWE-MISRA-S1,cppcheck,,cppcheck,True,unresolved
misra-c2023-8.4,/Users/stefan/.openclaw/workspace/yuleASR/src/bsw/services/comm/src/ComM.c,526,0,style,misra violation (use --rule-texts=<file> to get proper output) [misra-c2012-8.4],SWE-MISRA-S1,cppcheck,,cppcheck,True,unresolved
misra-c2023-8.4,/Users/stefan/.openclaw/workspace/yuleASR/src/bsw/services/comm/src/ComM.c,531,0,style,misra violation (use --rule-texts=<file> to get proper output) [misra-c2012-8.4],SWE-MISRA-S1,cppcheck,,cppcheck,True,unresolved
misra-c2023-8.4,/Users/stefan/.openclaw/workspace/yuleASR/src/bsw/services/comm/src/ComM.c,540,0,style,misra violation (use --rule-texts=<file> to get proper output) [misra-c2012-8.4],SWE-MISRA-S1,cppcheck,,cppcheck,True,unresolved
misra-c2023-8.4,/Users/stefan/.openclaw/workspace/yuleASR/src/bsw/services/comm/src/ComM.c,545,0,style,misra violation (use --rule-texts=<file> to get proper output) [misra-c2012-8.4],SWE-MISRA-S1,cppcheck,,cppcheck,True,unresolved
misra-c2023-8.4,/Users/stefan/.openclaw/workspace/yuleASR/src/bsw/services/comm/src/ComM.c,554,0,style,misra violation (use --rule-texts=<file> to get proper output) [misra-c2012-8.4],SWE-MISRA-S1,cppcheck,,cppcheck,True,unresolved
misra-c2023-8.4,/Users/stefan/.openclaw/workspace/yuleASR/src/bsw/services/comm/src/ComM.c,575,0,style,misra violation (use --rule-texts=<file> to get proper output) [misra-c2012-8.4],SWE-MISRA-S1,cppcheck,,cppcheck,True,unresolved
misra-c2023-8.4,/Users/stefan/.openclaw/workspace/yuleASR/src/bsw/services/comm/src/ComM.c,591,0,style,misra violation (use --rule-texts=<file> to get proper output) [misra-c2012-8.4],SWE-MISRA-S1,cppcheck,,cppcheck,True,unresolved
misra-c2023-8.4,/Users/stefan/.openclaw/workspace/yuleASR/src/bsw/services/comm/src/ComM.c,611,0,style,misra violation (use --rule-texts=<file> to get proper output) [misra-c2012-8.4],SWE-MISRA-S1,cppcheck,,cppcheck,True,unresolved
misra-c2023-15.5,/Users/stefan/.openclaw/workspace/yuleASR/src/bsw/services/comm/src/ComM.c,102,0,style,misra violation (use --rule-texts=<file> to get proper output) [misra-c2012-15.5],SWE-MISRA-S1,cppcheck,,cppcheck,True,unresolved
misra-c2023-15.5,/Users/stefan/.openclaw/workspace/yuleASR/src/bsw/services/comm/src/ComM.c,150,0,style,misra violation (use --rule-texts=<file> to get proper output) [misra-c2012-15.5],SWE-MISRA-S1,cppcheck,,cppcheck,True,unresolved
misra-c2023-15.5,/Users/stefan/.openclaw/workspace/yuleASR/src/bsw/services/comm/src/ComM.c,170,0,style,misra violation (use --rule-texts=<file> to get proper output) [misra-c2012-15.5],SWE-MISRA-S1,cppcheck,,cppcheck,True,unresolved
misra-c2023-15.5,/Users/stefan/.openclaw/workspace/yuleASR/src/bsw/services/comm/src/ComM.c,193,0,style,misra violation (use --rule-texts=<file> to get proper output) [misra-c2012-15.5],SWE-MISRA-S1,cppcheck,,cppcheck,True,unresolved
misra-c2023-15.5,/Users/stefan/.openclaw/workspace/yuleASR/src/bsw/services/comm/src/ComM.c,198,0,style,misra violation (use --rule-texts=<file> to get proper output) [misra-c2012-15.5],SWE-MISRA-S1,cppcheck,,cppcheck,True,unresolved
misra-c2023-15.5,/Users/stefan/.openclaw/workspace/yuleASR/src/bsw/services/comm/src/ComM.c,205,0,style,misra violation (use --rule-texts=<file> to get proper output) [misra-c2012-15.5],SWE-MISRA-S1,cppcheck,,cppcheck,True,unresolved
misra-c2023-15.5,/Users/stefan/.openclaw/workspace/yuleASR/src/bsw/services/comm/src/ComM.c,220,0,style,misra violation (use --rule-texts=<file> to get proper output) [misra-c2012-15.5],SWE-MISRA-S1,cppcheck,,cppcheck,True,unresolved
misra-c2023-15.5,/Users/stefan/.openclaw/workspace/yuleASR/src/bsw/services/comm/src/ComM.c,225,0,style,misra violation (use --rule-texts=<file> to get proper output) [misra-c2012-15.5],SWE-MISRA-S1,cppcheck,,cppcheck,True,unresolved
misra-c2023-15.5,/Users/stefan/.openclaw/workspace/yuleASR/src/bsw/services/comm/src/ComM.c,230,0,style,misra violation (use --rule-texts=<file> to get proper output) [misra-c2012-15.5],SWE-MISRA-S1,cppcheck,,cppcheck,True,unresolved
misra-c2023-15.5,/Users/stefan/.openclaw/workspace/yuleASR/src/bsw/services/comm/src/ComM.c,252,0,style,misra violation (use --rule-texts=<file> to get proper output) [misra-c2012-15.5],SWE-MISRA-S1,cppcheck,,cppcheck,True,unresolved
misra-c2023-15.5,/Users/stefan/.openclaw/workspace/yuleASR/src/bsw/services/comm/src/ComM.c,257,0,style,misra violation (use --rule-texts=<file> to get proper output) [misra-c2012-15.5],SWE-MISRA-S1,cppcheck,,cppcheck,True,unresolved
misra-c2023-15.5,/Users/stefan/.openclaw/workspace/yuleASR/src/bsw/services/comm/src/ComM.c,262,0,style,misra violation (use --rule-texts=<file> to get proper output) [misra-c2012-15.5],SWE-MISRA-S1,cppcheck,,cppcheck,True,unresolved
misra-c2023-15.5,/Users/stefan/.openclaw/workspace/yuleASR/src/bsw/services/comm/src/ComM.c,288,0,style,misra violation (use --rule-texts=<file> to get proper output) [misra-c2012-15.5],SWE-MISRA-S1,cppcheck,,cppcheck,True,unresolved
misra-c2023-15.5,/Users/stefan/.openclaw/workspace/yuleASR/src/bsw/services/comm/src/ComM.c,293,0,style,misra violation (use --rule-texts=<file> to get proper output) [misra-c2012-15.5],SWE-MISRA-S1,cppcheck,,cppcheck,True,unresolved
misra-c2023-15.5,/Users/stefan/.openclaw/workspace/yuleASR/src/bsw/services/comm/src/ComM.c,307,0,style,misra violation (use --rule-texts=<file> to get proper output) [misra-c2012-15.5],SWE-MISRA-S1,cppcheck,,cppcheck,True,unresolved
misra-c2023-15.5,/Users/stefan/.openclaw/workspace/yuleASR/src/bsw/services/comm/src/ComM.c,338,0,style,misra violation (use --rule-texts=<file> to get proper output) [misra-c2012-15.5],SWE-MISRA-S1,cppcheck,,cppcheck,True,unresolved
misra-c2023-15.5,/Users/stefan/.openclaw/workspace/yuleASR/src/bsw/services/comm/src/ComM.c,342,0,style,misra violation (use --rule-texts=<file> to get proper output) [misra-c2012-15.5],SWE-MISRA-S1,cppcheck,,cppcheck,True,unresolved
misra-c2023-15.5,/Users/stefan/.openclaw/workspace/yuleASR/src/bsw/services/comm/src/ComM.c,356,0,style,misra violation (use --rule-texts=<file> to get proper output) [misra-c2012-15.5],SWE-MISRA-S1,cppcheck,,cppcheck,True,unresolved
misra-c2023-15.5,/Users/stefan/.openclaw/workspace/yuleASR/src/bsw/services/comm/src/ComM.c,360,0,style,misra violation (use --rule-texts=<file> to get proper output) [misra-c2012-15.5],SWE-MISRA-S1,cppcheck,,cppcheck,True,unresolved
misra-c2023-15.5,/Users/stefan/.openclaw/workspace/yuleASR/src/bsw/services/comm/src/ComM.c,379,0,style,misra violation (use --rule-texts=<file> to get proper output) [misra-c2012-15.5],SWE-MISRA-S1,cppcheck,,cppcheck,True,unresolved
misra-c2023-15.5,/Users/stefan/.openclaw/workspace/yuleASR/src/bsw/services/comm/src/ComM.c,399,0,style,misra violation (use --rule-texts=<file> to get proper output) [misra-c2012-15.5],SWE-MISRA-S1,cppcheck,,cppcheck,True,unresolved
misra-c2023-15.5,/Users/stefan/.openclaw/workspace/yuleASR/src/bsw/services/comm/src/ComM.c,424,0,style,misra violation (use --rule-texts=<file> to get proper output) [misra-c2012-15.5],SWE-MISRA-S1,cppcheck,,cppcheck,True,unresolved
misra-c2023-15.5,/Users/stefan/.openclaw/workspace/yuleASR/src/bsw/services/comm/src/ComM.c,470,0,style,misra violation (use --rule-texts=<file> to get proper output) [misra-c2012-15.5],SWE-MISRA-S1,cppcheck,,cppcheck,True,unresolved
misra-c2023-15.5,/Users/stefan/.openclaw/workspace/yuleASR/src/bsw/services/comm/src/ComM.c,487,0,style,misra violation (use --rule-texts=<file> to get proper output) [misra-c2012-15.5],SWE-MISRA-S1,cppcheck,,cppcheck,True,unresolved
misra-c2023-15.5,/Users/stefan/.openclaw/workspace/yuleASR/src/bsw/services/comm/src/ComM.c,501,0,style,misra violation (use --rule-texts=<file> to get proper output) [misra-c2012-15.5],SWE-MISRA-S1,cppcheck,,cppcheck,True,unresolved
misra-c2023-15.5,/Users/stefan/.openclaw/workspace/yuleASR/src/bsw/services/comm/src/ComM.c,558,0,style,misra violation (use --rule-texts=<file> to get proper output) [misra-c2012-15.5],SWE-MISRA-S1,cppcheck,,cppcheck,True,unresolved
misra-c2023-15.5,/Users/stefan/.openclaw/workspace/yuleASR/src/bsw/services/comm/src/ComM.c,579,0,style,misra violation (use --rule-texts=<file> to get proper output) [misra-c2012-15.5],SWE-MISRA-S1,cppcheck,,cppcheck,True,unresolved
misra-c2023-15.5,/Users/stefan/.openclaw/workspace/yuleASR/src/bsw/services/comm/src/ComM.c,597,0,style,misra violation (use --rule-texts=<file> to get proper output) [misra-c2012-15.5],SWE-MISRA-S1,cppcheck,,cppcheck,True,unresolved
misra-c2023-15.5,/Users/stefan/.openclaw/workspace/yuleASR/src/bsw/services/comm/src/ComM.c,615,0,style,misra violation (use --rule-texts=<file> to get proper output) [misra-c2012-15.5],SWE-MISRA-S1,cppcheck,,cppcheck,True,unresolved
misra-c2023-15.7,/Users/stefan/.openclaw/workspace/yuleASR/src/bsw/services/comm/src/ComM.c,682,0,style,misra violation (use --rule-texts=<file> to get proper output) [misra-c2012-15.7],SWE-MISRA-S1,cppcheck,,cppcheck,True,unresolved
misra-c2023-15.7,/Users/stefan/.openclaw/workspace/yuleASR/src/bsw/services/comm/src/ComM.c,695,0,style,misra violation (use --rule-texts=<file> to get proper output) [misra-c2012-15.7],SWE-MISRA-S1,cppcheck,,cppcheck,True,unresolved
,/Users/stefan/.openclaw/workspace/yuleASR/src/bsw/services/comm/src/ComM.c,54,0,error,"Because of missing configuration, misra checking is incomplete. There can be false negatives! Unknown constant COMM_NUM_CHANNELS, please review configuration [misra-config]",,,,,True,unresolved
,/Users/stefan/.openclaw/workspace/yuleASR/src/bsw/services/comm/src/ComM.c,57,0,error,"Because of missing configuration, misra checking is incomplete. There can be false negatives! Unknown constant COMM_NUM_USERS, please review configuration [misra-config]",,,,,True,unresolved
,/Users/stefan/.openclaw/workspace/yuleASR/src/bsw/services/comm/src/ComM.c,61,0,error,"Because of missing configuration, misra checking is incomplete. There can be false negatives! Unknown constant COMM_NUM_PNCS, please review configuration [misra-config]",,,,,True,unresolved
,/Users/stefan/.openclaw/workspace/yuleASR/src/bsw/services/comm/src/ComM.c,100,0,error,"Because of missing configuration, misra checking is incomplete. There can be false negatives! Variable 'NULL_PTR' is unknown [misra-config]",,,,,True,unresolved
,/Users/stefan/.openclaw/workspace/yuleASR/src/bsw/services/comm/src/ComM.c,168,0,error,"Because of missing configuration, misra checking is incomplete. There can be false negatives! Variable 'NULL_PTR' is unknown [misra-config]",,,,,True,unresolved
,/Users/stefan/.openclaw/workspace/yuleASR/src/bsw/services/comm/src/ComM.c,196,0,error,"Because of missing configuration, misra checking is incomplete. There can be false negatives! Variable 'COMM_NUM_USERS' is unknown [misra-config]",,,,,True,unresolved
,/Users/stefan/.openclaw/workspace/yuleASR/src/bsw/services/comm/src/ComM.c,201,0,error,"Because of missing configuration, misra checking is incomplete. There can be false negatives! Variable 'COMM_NO_COMMUNICATION' is unknown [misra-config]",,,,,True,unresolved
,/Users/stefan/.openclaw/workspace/yuleASR/src/bsw/services/comm/src/ComM.c,202,0,error,"Because of missing configuration, misra checking is incomplete. There can be false negatives! Variable 'COMM_SILENT_COMMUNICATION' is unknown [misra-config]",,,,,True,unresolved
,/Users/stefan/.openclaw/workspace/yuleASR/src/bsw/services/comm/src/ComM.c,203,0,error,"Because of missing configuration, misra checking is incomplete. There can be false negatives! Variable 'COMM_FULL_COMMUNICATION' is unknown [misra-config]",,,,,True,unresolved
,/Users/stefan/.openclaw/workspace/yuleASR/src/bsw/services/comm/src/ComM.c,223,0,error,"Because of missing configuration, misra checking is incomplete. There can be false negatives! Variable 'COMM_NUM_USERS' is unknown [misra-config]",,,,,True,unresolved
,/Users/stefan/.openclaw/workspace/yuleASR/src/bsw/services/comm/src/ComM.c,228,0,error,"Because of missing configuration, misra checking is incomplete. There can be false negatives! Variable 'NULL_PTR' is unknown [misra-config]",,,,,True,unresolved
,/Users/stefan/.openclaw/workspace/yuleASR/src/bsw/services/comm/src/ComM.c,255,0,error,"Because of missing configuration, misra checking is incomplete. There can be false negatives! Variable 'COMM_NUM_USERS' is unknown [misra-config]",,,,,True,unresolved
,/Users/stefan/.openclaw/workspace/yuleASR/src/bsw/services/comm/src/ComM.c,260,0,error,"Because of missing configuration, misra checking is incomplete. There can be false negatives! Variable 'NULL_PTR' is unknown [misra-config]",,,,,True,unresolved
,/Users/stefan/.openclaw/workspace/yuleASR/src/bsw/services/comm/src/ComM.c,271,0,error,"Because of missing configuration, misra checking is incomplete. There can be false negatives! Variable 'CurrentMode' is unknown [misra-config]",,,,,True,unresolved
,/Users/stefan/.openclaw/workspace/yuleASR/src/bsw/services/comm/src/ComM.c,291,0,error,"Because of missing configuration, misra checking is incomplete. There can be false negatives! Variable 'COMM_NUM_CHANNELS' is unknown [misra-config]",,,,,True,unresolved
,/Users/stefan/.openclaw/workspace/yuleASR/src/bsw/services/comm/src/ComM.c,341,0,error,"Because of missing configuration, misra checking is incomplete. There can be false negatives! Variable 'COMM_NUM_PNCS' is unknown [misra-config]",,,,,True,unresolved
,/Users/stefan/.openclaw/workspace/yuleASR/src/bsw/services/comm/src/ComM.c,355,0,error,"Because of missing configuration, misra checking is incomplete. There can be false negatives! Variable 'NULL_PTR' is unknown [misra-config]",,,,,True,unresolved
,/Users/stefan/.openclaw/workspace/yuleASR/src/bsw/services/comm/src/ComM.c,359,0,error,"Because of missing configuration, misra checking is incomplete. There can be false negatives! Variable 'COMM_NUM_PNCS' is unknown [misra-config]",,,,,True,unresolved
,/Users/stefan/.openclaw/workspace/yuleASR/src/bsw/services/comm/src/ComM.c,387,0,error,"Because of missing configuration, misra checking is incomplete. There can be false negatives! Variable 'WakeUpSupport' is unknown [misra-config]",,,,,True,unresolved
,/Users/stefan/.openclaw/workspace/yuleASR/src/bsw/services/comm/src/ComM.c,388,0,error,"Because of missing configuration, misra checking is incomplete. There can be false negatives! Variable 'WakeUpInhibition' is unknown [misra-config]",,,,,True,unresolved
,/Users/stefan/.openclaw/workspace/yuleASR/src/bsw/services/comm/src/ComM.c,398,0,error,"Because of missing configuration, misra checking is incomplete. There can be false negatives! Variable 'COMM_NUM_CHANNELS' is unknown [misra-config]",,,,,True,unresolved
,/Users/stefan/.openclaw/workspace/yuleASR/src/bsw/services/comm/src/ComM.c,403,0,error,"Because of missing configuration, misra checking is incomplete. There can be false negatives! Variable 'WakeUpSupport' is unknown [misra-config]",,,,,True,unresolved
,/Users/stefan/.openclaw/workspace/yuleASR/src/bsw/services/comm/src/ComM.c,404,0,error,"Because of missing configuration, misra checking is incomplete. There can be false negatives! Variable 'WakeUpInhibition' is unknown [misra-config]",,,,,True,unresolved
,/Users/stefan/.openclaw/workspace/yuleASR/src/bsw/services/comm/src/ComM.c,423,0,error,"Because of missing configuration, misra checking is incomplete. There can be false negatives! Variable 'COMM_NUM_CHANNELS' is unknown [misra-config]",,,,,True,unresolved
,/Users/stefan/.openclaw/workspace/yuleASR/src/bsw/services/comm/src/ComM.c,469,0,error,"Because of missing configuration, misra checking is incomplete. There can be false negatives! Variable 'COMM_NUM_CHANNELS' is unknown [misra-config]",,,,,True,unresolved
,/Users/stefan/.openclaw/workspace/yuleASR/src/bsw/services/comm/src/ComM.c,486,0,error,"Because of missing configuration, misra checking is incomplete. There can be false negatives! Variable 'COMM_NUM_CHANNELS' is unknown [misra-config]",,,,,True,unresolved
,/Users/stefan/.openclaw/workspace/yuleASR/src/bsw/services/comm/src/ComM.c,500,0,error,"Because of missing configuration, misra checking is incomplete. There can be false negatives! Variable 'COMM_NUM_CHANNELS' is unknown [misra-config]",,,,,True,unresolved
,/Users/stefan/.openclaw/workspace/yuleASR/src/bsw/services/comm/src/ComM.c,509,0,error,"Because of missing configuration, misra checking is incomplete. There can be false negatives! Variable 'RequestedMode' is unknown [misra-config]",,,,,True,unresolved
,/Users/stefan/.openclaw/workspace/yuleASR/src/bsw/services/comm/src/ComM.c,509,0,error,"Because of missing configuration, misra checking is incomplete. There can be false negatives! Variable 'COMM_SILENT_COMMUNICATION' is unknown [misra-config]",,,,,True,unresolved
,/Users/stefan/.openclaw/workspace/yuleASR/src/bsw/services/comm/src/ComM.c,557,0,error,"Because of missing configuration, misra checking is incomplete. There can be false negatives! Variable 'NULL_PTR' is unknown [misra-config]",,,,,True,unresolved
,/Users/stefan/.openclaw/workspace/yuleASR/src/bsw/services/comm/src/ComM.c,557,0,error,"Because of missing configuration, misra checking is incomplete. There can be false negatives! Variable 'COMM_NUM_CHANNELS' is unknown [misra-config]",,,,,True,unresolved
,/Users/stefan/.openclaw/workspace/yuleASR/src/bsw/services/comm/src/ComM.c,564,0,error,"Because of missing configuration, misra checking is incomplete. There can be false negatives! Variable 'WakeUpInhibition' is unknown [misra-config]",,,,,True,unresolved
,/Users/stefan/.openclaw/workspace/yuleASR/src/bsw/services/comm/src/ComM.c,568,0,error,"Because of missing configuration, misra checking is incomplete. There can be false negatives! Variable 'LimitToNoCom' is unknown [misra-config]",,,,,True,unresolved
,/Users/stefan/.openclaw/workspace/yuleASR/src/bsw/services/comm/src/ComM.c,578,0,error,"Because of missing configuration, misra checking is incomplete. There can be false negatives! Variable 'COMM_NUM_CHANNELS' is unknown [misra-config]",,,,,True,unresolved
,/Users/stefan/.openclaw/workspace/yuleASR/src/bsw/services/comm/src/ComM.c,614,0,error,"Because of missing configuration, misra checking is incomplete. There can be false negatives! Variable 'COMM_NUM_CHANNELS' is unknown [misra-config]",,,,,True,unresolved
,/Users/stefan/.openclaw/workspace/yuleASR/src/bsw/services/comm/src/ComM.c,634,0,error,"Because of missing configuration, misra checking is incomplete. There can be false negatives! Variable 'LimitToNoCom' is unknown [misra-config]",,,,,True,unresolved
,/Users/stefan/.openclaw/workspace/yuleASR/src/bsw/services/comm/src/ComM.c,635,0,error,"Because of missing configuration, misra checking is incomplete. There can be false negatives! Variable 'COMM_NO_COMMUNICATION' is unknown [misra-config]",,,,,True,unresolved
,/Users/stefan/.openclaw/workspace/yuleASR/src/bsw/services/comm/src/ComM.c,641,0,error,"Because of missing configuration, misra checking is incomplete. There can be false negatives! Variable 'CommunicationAllowed' is unknown [misra-config]",,,,,True,unresolved
,/Users/stefan/.openclaw/workspace/yuleASR/src/bsw/services/comm/src/ComM.c,642,0,error,"Because of missing configuration, misra checking is incomplete. There can be false negatives! Variable 'COMM_NO_COMMUNICATION' is unknown [misra-config]",,,,,True,unresolved
,/Users/stefan/.openclaw/workspace/yuleASR/src/bsw/services/comm/src/ComM.c,652,0,error,"Because of missing configuration, misra checking is incomplete. There can be false negatives! Variable 'COMM_FULL_COMMUNICATION' is unknown [misra-config]",,,,,True,unresolved
,/Users/stefan/.openclaw/workspace/yuleASR/src/bsw/services/comm/src/ComM.c,660,0,error,"Because of missing configuration, misra checking is incomplete. There can be false negatives! Variable 'TimeoutCounter' is unknown [misra-config]",,,,,True,unresolved
,/Users/stefan/.openclaw/workspace/yuleASR/src/bsw/services/comm/src/ComM.c,668,0,error,"Because of missing configuration, misra checking is incomplete. There can be false negatives! Variable 'COMM_NO_COMMUNICATION' is unknown [misra-config]",,,,,True,unresolved
,/Users/stefan/.openclaw/workspace/yuleASR/src/bsw/services/comm/src/ComM.c,674,0,error,"Because of missing configuration, misra checking is incomplete. There can be false negatives! Variable 'COMM_NO_COMMUNICATION' is unknown [misra-config]",,,,,True,unresolved
,/Users/stefan/.openclaw/workspace/yuleASR/src/bsw/services/comm/src/ComM.c,678,0,error,"Because of missing configuration, misra checking is incomplete. There can be false negatives! Variable 'COMM_SILENT_COMMUNICATION' is unknown [misra-config]",,,,,True,unresolved
,/Users/stefan/.openclaw/workspace/yuleASR/src/bsw/services/comm/src/ComM.c,686,0,error,"Because of missing configuration, misra checking is incomplete. There can be false negatives! Variable 'COMM_FULL_COMMUNICATION' is unknown [misra-config]",,,,,True,unresolved
,/Users/stefan/.openclaw/workspace/yuleASR/src/bsw/services/comm/src/ComM.c,688,0,error,"Because of missing configuration, misra checking is incomplete. There can be false negatives! Variable 'COMM_NO_COMMUNICATION' is unknown [misra-config]",,,,,True,unresolved
,/Users/stefan/.openclaw/workspace/yuleASR/src/bsw/services/comm/src/ComM.c,689,0,error,"Because of missing configuration, misra checking is incomplete. There can be false negatives! Variable 'TimeoutCounter' is unknown [misra-config]",,,,,True,unresolved
,/Users/stefan/.openclaw/workspace/yuleASR/src/bsw/services/comm/src/ComM.c,734,0,error,"Because of missing configuration, misra checking is incomplete. There can be false negatives! Variable 'CurrentMode' is unknown [misra-config]",,,,,True,unresolved
,/Users/stefan/.openclaw/workspace/yuleASR/src/bsw/services/comm/src/ComM.c,753,0,error,"Because of missing configuration, misra checking is incomplete. There can be false negatives! Variable 'RequestedMode' is unknown [misra-config]",,,,,True,unresolved
,/Users/stefan/.openclaw/workspace/yuleASR/src/bsw/services/comm/src/ComM.c,763,0,error,"Because of missing configuration, misra checking is incomplete. There can be false negatives! Variable 'DcmActive' is unknown [misra-config]",,,,,True,unresolved
,/Users/stefan/.openclaw/workspace/yuleASR/src/bsw/services/comm/src/ComM.c,764,0,error,"Because of missing configuration, misra checking is incomplete. There can be false negatives! Variable 'COMM_FULL_COMMUNICATION' is unknown [misra-config]",,,,,True,unresolved
,/Users/stefan/.openclaw/workspace/yuleASR/src/bsw/services/comm/src/ComM.c,769,0,error,"Because of missing configuration, misra checking is incomplete. There can be false negatives! Variable 'PassiveDiagnostic' is unknown [misra-config]",,,,,True,unresolved
,/Users/stefan/.openclaw/workspace/yuleASR/src/bsw/services/comm/src/ComM.c,770,0,error,"Because of missing configuration, misra checking is incomplete. There can be false negatives! Variable 'COMM_SILENT_COMMUNICATION' is unknown [misra-config]",,,,,True,unresolved
,/Users/stefan/.openclaw/workspace/yuleASR/src/bsw/services/comm/src/ComM.c,860,0,error,"Because of missing configuration, misra checking is incomplete. There can be false negatives! Variable 'Active' is unknown [misra-config]",,,,,True,unresolved
,/Users/stefan/.openclaw/workspace/yuleASR/src/bsw/services/comm/src/ComM.c,884,0,error,"Because of missing configuration, misra checking is incomplete. There can be false negatives! Variable 'IsRequester' is unknown [misra-config]",,,,,True,unresolved
,/Users/stefan/.openclaw/workspace/yuleASR/src/bsw/services/comm/src/ComM.c,885,0,error,"Because of missing configuration, misra checking is incomplete. There can be false negatives! Variable 'RequestedMode' is unknown [misra-config]",,,,,True,unresolved
,/Users/stefan/.openclaw/workspace/yuleASR/src/bsw/services/comm/src/ComM.c,885,0,error,"Because of missing configuration, misra checking is incomplete. There can be false negatives! Variable 'COMM_FULL_COMMUNICATION' is unknown [misra-config]",,,,,True,unresolved
misra-c2023-20.9,/Users/stefan/.openclaw/workspace/yuleASR/src/bsw/services/comm/src/ComM.c,60,0,style,misra violation (use --rule-texts=<file> to get proper output) [misra-c2012-20.9],SWE-MISRA-S1,cppcheck,,cppcheck,True,unresolved
misra-c2023-20.9,/Users/stefan/.openclaw/workspace/yuleASR/src/bsw/services/comm/src/ComM.c,77,0,style,misra violation (use --rule-texts=<file> to get proper output) [misra-c2012-20.9],SWE-MISRA-S1,cppcheck,,cppcheck,True,unresolved
misra-c2023-20.9,/Users/stefan/.openclaw/workspace/yuleASR/src/bsw/services/comm/src/ComM.c,83,0,style,misra violation (use --rule-texts=<file> to get proper output) [misra-c2012-20.9],SWE-MISRA-S1,cppcheck,,cppcheck,True,unresolved
misra-c2023-20.9,/Users/stefan/.openclaw/workspace/yuleASR/src/bsw/services/comm/src/ComM.c,95,0,style,misra violation (use --rule-texts=<file> to get proper output) [misra-c2012-20.9],SWE-MISRA-S1,cppcheck,,cppcheck,True,unresolved
misra-c2023-20.9,/Users/stefan/.openclaw/workspace/yuleASR/src/bsw/services/comm/src/ComM.c,99,0,style,misra violation (use --rule-texts=<file> to get proper output) [misra-c2012-20.9],SWE-MISRA-S1,cppcheck,,cppcheck,True,unresolved
misra-c2023-20.9,/Users/stefan/.openclaw/workspace/yuleASR/src/bsw/services/comm/src/ComM.c,129,0,style,misra violation (use --rule-texts=<file> to get proper output) [misra-c2012-20.9],SWE-MISRA-S1,cppcheck,,cppcheck,True,unresolved
misra-c2023-20.9,/Users/stefan/.openclaw/workspace/yuleASR/src/bsw/services/comm/src/ComM.c,147,0,style,misra violation (use --rule-texts=<file> to get proper output) [misra-c2012-20.9],SWE-MISRA-S1,cppcheck,,cppcheck,True,unresolved
misra-c2023-20.9,/Users/stefan/.openclaw/workspace/yuleASR/src/bsw/services/comm/src/ComM.c,167,0,style,misra violation (use --rule-texts=<file> to get proper output) [misra-c2012-20.9],SWE-MISRA-S1,cppcheck,,cppcheck,True,unresolved
misra-c2023-20.9,/Users/stefan/.openclaw/workspace/yuleASR/src/bsw/services/comm/src/ComM.c,174,0,style,misra violation (use --rule-texts=<file> to get proper output) [misra-c2012-20.9],SWE-MISRA-S1,cppcheck,,cppcheck,True,unresolved
misra-c2023-20.9,/Users/stefan/.openclaw/workspace/yuleASR/src/bsw/services/comm/src/ComM.c,190,0,style,misra violation (use --rule-texts=<file> to get proper output) [misra-c2012-20.9],SWE-MISRA-S1,cppcheck,,cppcheck,True,unresolved
misra-c2023-20.9,/Users/stefan/.openclaw/workspace/yuleASR/src/bsw/services/comm/src/ComM.c,217,0,style,misra violation (use --rule-texts=<file> to get proper output) [misra-c2012-20.9],SWE-MISRA-S1,cppcheck,,cppcheck,True,unresolved
misra-c2023-20.9,/Users/stefan/.openclaw/workspace/yuleASR/src/bsw/services/comm/src/ComM.c,249,0,style,misra violation (use --rule-texts=<file> to get proper output) [misra-c2012-20.9],SWE-MISRA-S1,cppcheck,,cppcheck,True,unresolved
misra-c2023-20.9,/Users/stefan/.openclaw/workspace/yuleASR/src/bsw/services/comm/src/ComM.c,285,0,style,misra violation (use --rule-texts=<file> to get proper output) [misra-c2012-20.9],SWE-MISRA-S1,cppcheck,,cppcheck,True,unresolved
misra-c2023-20.9,/Users/stefan/.openclaw/workspace/yuleASR/src/bsw/services/comm/src/ComM.c,304,0,style,misra violation (use --rule-texts=<file> to get proper output) [misra-c2012-20.9],SWE-MISRA-S1,cppcheck,,cppcheck,True,unresolved
misra-c2023-20.9,/Users/stefan/.openclaw/workspace/yuleASR/src/bsw/services/comm/src/ComM.c,316,0,style,misra violation (use --rule-texts=<file> to get proper output) [misra-c2012-20.9],SWE-MISRA-S1,cppcheck,,cppcheck,True,unresolved
misra-c2023-20.9,/Users/stefan/.openclaw/workspace/yuleASR/src/bsw/services/comm/src/ComM.c,324,0,style,misra violation (use --rule-texts=<file> to get proper output) [misra-c2012-20.9],SWE-MISRA-S1,cppcheck,,cppcheck,True,unresolved
misra-c2023-20.9,/Users/stefan/.openclaw/workspace/yuleASR/src/bsw/services/comm/src/ComM.c,336,0,style,misra violation (use --rule-texts=<file> to get proper output) [misra-c2012-20.9],SWE-MISRA-S1,cppcheck,,cppcheck,True,unresolved
misra-c2023-20.9,/Users/stefan/.openclaw/workspace/yuleASR/src/bsw/services/comm/src/ComM.c,354,0,style,misra violation (use --rule-texts=<file> to get proper output) [misra-c2012-20.9],SWE-MISRA-S1,cppcheck,,cppcheck,True,unresolved
misra-c2023-20.9,/Users/stefan/.openclaw/workspace/yuleASR/src/bsw/services/comm/src/ComM.c,372,0,style,misra violation (use --rule-texts=<file> to get proper output) [misra-c2012-20.9],SWE-MISRA-S1,cppcheck,,cppcheck,True,unresolved
misra-c2023-20.9,/Users/stefan/.openclaw/workspace/yuleASR/src/bsw/services/comm/src/ComM.c,377,0,style,misra violation (use --rule-texts=<file> to get proper output) [misra-c2012-20.9],SWE-MISRA-S1,cppcheck,,cppcheck,True,unresolved
misra-c2023-20.9,/Users/stefan/.openclaw/workspace/yuleASR/src/bsw/services/comm/src/ComM.c,397,0,style,misra violation (use --rule-texts=<file> to get proper output) [misra-c2012-20.9],SWE-MISRA-S1,cppcheck,,cppcheck,True,unresolved
misra-c2023-20.9,/Users/stefan/.openclaw/workspace/yuleASR/src/bsw/services/comm/src/ComM.c,422,0,style,misra violation (use --rule-texts=<file> to get proper output) [misra-c2012-20.9],SWE-MISRA-S1,cppcheck,,cppcheck,True,unresolved
misra-c2023-20.9,/Users/stefan/.openclaw/workspace/yuleASR/src/bsw/services/comm/src/ComM.c,465,0,style,misra violation (use --rule-texts=<file> to get proper output) [misra-c2012-20.9],SWE-MISRA-S1,cppcheck,,cppcheck,True,unresolved
misra-c2023-20.9,/Users/stefan/.openclaw/workspace/yuleASR/src/bsw/services/comm/src/ComM.c,468,0,style,misra violation (use --rule-texts=<file> to get proper output) [misra-c2012-20.9],SWE-MISRA-S1,cppcheck,,cppcheck,True,unresolved
misra-c2023-20.9,/Users/stefan/.openclaw/workspace/yuleASR/src/bsw/services/comm/src/ComM.c,485,0,style,misra violation (use --rule-texts=<file> to get proper output) [misra-c2012-20.9],SWE-MISRA-S1,cppcheck,,cppcheck,True,unresolved
misra-c2023-20.9,/Users/stefan/.openclaw/workspace/yuleASR/src/bsw/services/comm/src/ComM.c,499,0,style,misra violation (use --rule-texts=<file> to get proper output) [misra-c2012-20.9],SWE-MISRA-S1,cppcheck,,cppcheck,True,unresolved
misra-c2023-20.9,/Users/stefan/.openclaw/workspace/yuleASR/src/bsw/services/comm/src/ComM.c,539,0,style,misra violation (use --rule-texts=<file> to get proper output) [misra-c2012-20.9],SWE-MISRA-S1,cppcheck,,cppcheck,True,unresolved
misra-c2023-20.9,/Users/stefan/.openclaw/workspace/yuleASR/src/bsw/services/comm/src/ComM.c,556,0,style,misra violation (use --rule-texts=<file> to get proper output) [misra-c2012-20.9],SWE-MISRA-S1,cppcheck,,cppcheck,True,unresolved
misra-c2023-20.9,/Users/stefan/.openclaw/workspace/yuleASR/src/bsw/services/comm/src/ComM.c,577,0,style,misra violation (use --rule-texts=<file> to get proper output) [misra-c2012-20.9],SWE-MISRA-S1,cppcheck,,cppcheck,True,unresolved
misra-c2023-20.9,/Users/stefan/.openclaw/workspace/yuleASR/src/bsw/services/comm/src/ComM.c,595,0,style,misra violation (use --rule-texts=<file> to get proper output) [misra-c2012-20.9],SWE-MISRA-S1,cppcheck,,cppcheck,True,unresolved
misra-c2023-20.9,/Users/stefan/.openclaw/workspace/yuleASR/src/bsw/services/comm/src/ComM.c,613,0,style,misra violation (use --rule-texts=<file> to get proper output) [misra-c2012-20.9],SWE-MISRA-S1,cppcheck,,cppcheck,True,unresolved
misra-c2023-20.9,/Users/stefan/.openclaw/workspace/yuleASR/src/bsw/services/comm/src/ComM.c,761,0,style,misra violation (use --rule-texts=<file> to get proper output) [misra-c2012-20.9],SWE-MISRA-S1,cppcheck,,cppcheck,True,unresolved
misra-c2023-20.9,/Users/stefan/.openclaw/workspace/yuleASR/src/bsw/services/comm/src/ComM.c,796,0,style,misra violation (use --rule-texts=<file> to get proper output) [misra-c2012-20.9],SWE-MISRA-S1,cppcheck,,cppcheck,True,unresolved
,/Users/stefan/.openclaw/workspace/yuleASR/src/bsw/services/doip/src/DoIp.c,509,0,error,Unmatched '{'. Configuration: ''. [syntaxError],,,,,True,unresolved
,/Users/stefan/.openclaw/workspace/yuleASR/src/bsw/services/doip/src/DoIp_Lcfg.c,18,0,information,"Include file: ""DoIP.h"" not found. [missingInclude]",,,,,True,unresolved
,/Users/stefan/.openclaw/workspace/yuleASR/src/bsw/services/doip/src/DoIp_Lcfg.c,19,0,information,"Include file: ""DoIP_Cfg.h"" not found. [missingInclude]",,,,,True,unresolved
misra-c2023-8.4,/Users/stefan/.openclaw/workspace/yuleASR/src/bsw/services/doip/src/DoIp_Lcfg.c,189,0,style,misra violation (use --rule-texts=<file> to get proper output) [misra-c2012-8.4],SWE-MISRA-S1,cppcheck,,cppcheck,True,unresolved
misra-c2023-8.4,/Users/stefan/.openclaw/workspace/yuleASR/src/bsw/services/doip/src/DoIp_Lcfg.c,204,0,style,misra violation (use --rule-texts=<file> to get proper output) [misra-c2012-8.4],SWE-MISRA-S1,cppcheck,,cppcheck,True,unresolved
misra-c2023-8.4,/Users/stefan/.openclaw/workspace/yuleASR/src/bsw/services/doip/src/DoIp_Lcfg.c,218,0,style,misra violation (use --rule-texts=<file> to get proper output) [misra-c2012-8.4],SWE-MISRA-S1,cppcheck,,cppcheck,True,unresolved
misra-c2023-8.4,/Users/stefan/.openclaw/workspace/yuleASR/src/bsw/services/doip/src/DoIp_Lcfg.c,178,0,style,misra violation (use --rule-texts=<file> to get proper output) [misra-c2012-8.4],SWE-MISRA-S1,cppcheck,,cppcheck,True,unresolved
misra-c2023-8.4,/Users/stefan/.openclaw/workspace/yuleASR/src/bsw/services/doip/src/DoIp_Lcfg.c,25,0,style,misra violation (use --rule-texts=<file> to get proper output) [misra-c2012-8.4],SWE-MISRA-S1,cppcheck,,cppcheck,True,unresolved
misra-c2023-8.4,/Users/stefan/.openclaw/workspace/yuleASR/src/bsw/services/doip/src/DoIp_Lcfg.c,28,0,style,misra violation (use --rule-texts=<file> to get proper output) [misra-c2012-8.4],SWE-MISRA-S1,cppcheck,,cppcheck,True,unresolved
misra-c2023-8.4,/Users/stefan/.openclaw/workspace/yuleASR/src/bsw/services/doip/src/DoIp_Lcfg.c,31,0,style,misra violation (use --rule-texts=<file> to get proper output) [misra-c2012-8.4],SWE-MISRA-S1,cppcheck,,cppcheck,True,unresolved
misra-c2023-8.4,/Users/stefan/.openclaw/workspace/yuleASR/src/bsw/services/doip/src/DoIp_Lcfg.c,34,0,style,misra violation (use --rule-texts=<file> to get proper output) [misra-c2012-8.4],SWE-MISRA-S1,cppcheck,,cppcheck,True,unresolved
misra-c2023-8.4,/Users/stefan/.openclaw/workspace/yuleASR/src/bsw/services/doip/src/DoIp_Lcfg.c,39,0,style,misra violation (use --rule-texts=<file> to get proper output) [misra-c2012-8.4],SWE-MISRA-S1,cppcheck,,cppcheck,True,unresolved
misra-c2023-8.4,/Users/stefan/.openclaw/workspace/yuleASR/src/bsw/services/doip/src/DoIp_Lcfg.c,164,0,style,misra violation (use --rule-texts=<file> to get proper output) [misra-c2012-8.4],SWE-MISRA-S1,cppcheck,,cppcheck,True,unresolved
,/Users/stefan/.openclaw/workspace/yuleASR/src/bsw/services/doip/src/DoIp_Lcfg.c,25,0,error,"Because of missing configuration, misra checking is incomplete. There can be false negatives! Unknown constant DOIP_VIN_LENGTH, please review configuration [misra-config]",,,,,True,unresolved
,/Users/stefan/.openclaw/workspace/yuleASR/src/bsw/services/doip/src/DoIp_Lcfg.c,28,0,error,"Because of missing configuration, misra checking is incomplete. There can be false negatives! Unknown constant DOIP_EID_LENGTH, please review configuration [misra-config]",,,,,True,unresolved
,/Users/stefan/.openclaw/workspace/yuleASR/src/bsw/services/doip/src/DoIp_Lcfg.c,31,0,error,"Because of missing configuration, misra checking is incomplete. There can be false negatives! Unknown constant DOIP_GID_LENGTH, please review configuration [misra-config]",,,,,True,unresolved
,/Users/stefan/.openclaw/workspace/yuleASR/src/bsw/services/secoc/src/SecOc.c,509,0,error,Unmatched '{'. Configuration: ''. [syntaxError],,,,,True,unresolved
,/Users/stefan/.openclaw/workspace/yuleASR/src/bsw/services/wdgm/src/Wdgm.c,29,0,information,"Include file: ""WdgM.h"" not found. [missingInclude]",,,,,True,unresolved
,/Users/stefan/.openclaw/workspace/yuleASR/src/bsw/services/wdgm/src/Wdgm.c,30,0,information,"Include file: ""WdgM_Cfg.h"" not found. [missingInclude]",,,,,True,unresolved
,/Users/stefan/.openclaw/workspace/yuleASR/src/bsw/services/wdgm/src/Wdgm.c,31,0,information,"Include file: ""Det.h"" not found. [missingInclude]",,,,,True,unresolved
,/Users/stefan/.openclaw/workspace/yuleASR/src/bsw/services/wdgm/src/Wdgm.c,32,0,information,"Include file: ""Mcal.h"" not found. [missingInclude]",,,,,True,unresolved
,/Users/stefan/.openclaw/workspace/yuleASR/src/bsw/services/wdgm/src/Wdgm.c,35,0,information,"Include file: ""Lockstep.h"" not found. [missingInclude]",,,,,True,unresolved
,/Users/stefan/.openclaw/workspace/yuleASR/src/bsw/services/wdgm/src/Wdgm.c,39,0,information,"Include file: ""RamSafety.h"" not found. [missingInclude]",,,,,True,unresolved
,/Users/stefan/.openclaw/workspace/yuleASR/src/bsw/services/wdgm/src/Wdgm.c,43,0,information,"Include file: ""Dem.h"" not found. [missingInclude]",,,,,True,unresolved
,/Users/stefan/.openclaw/workspace/yuleASR/src/bsw/services/wdgm/src/Wdgm.c,94,0,information,"Include file: ""WdgM_MemMap.h"" not found. [missingInclude]",,,,,True,unresolved
,/Users/stefan/.openclaw/workspace/yuleASR/src/bsw/services/wdgm/src/Wdgm.c,117,0,information,"Include file: ""WdgM_MemMap.h"" not found. [missingInclude]",,,,,True,unresolved
,/Users/stefan/.openclaw/workspace/yuleASR/src/bsw/services/wdgm/src/Wdgm.c,120,0,information,"Include file: ""WdgM_MemMap.h"" not found. [missingInclude]",,,,,True,unresolved
,/Users/stefan/.openclaw/workspace/yuleASR/src/bsw/services/wdgm/src/Wdgm.c,164,0,information,"Include file: ""WdgM_MemMap.h"" not found. [missingInclude]",,,,,True,unresolved
,/Users/stefan/.openclaw/workspace/yuleASR/src/bsw/services/wdgm/src/Wdgm.c,184,0,information,"Include file: ""WdgM_MemMap.h"" not found. [missingInclude]",,,,,True,unresolved
,/Users/stefan/.openclaw/workspace/yuleASR/src/bsw/services/wdgm/src/Wdgm.c,918,0,information,"Include file: ""WdgM_MemMap.h"" not found. [missingInclude]",,,,,True,unresolved
,/Users/stefan/.openclaw/workspace/yuleASR/src/bsw/services/wdgm/src/Wdgm.c,0,0,information,Limiting analysis of branches. Use --check-level=exhaustive to analyze all branches. [normalCheckLevelMaxBranches],,,,,True,unresolved
,/Users/stefan/.openclaw/workspace/yuleASR/src/bsw/services/wdgm/src/Wdgm.c,271,0,style,Variable 'WdgM_State' is reassigned a value before the old one has been used. [redundantAssignment],,,,,True,unresolved
,/Users/stefan/.openclaw/workspace/yuleASR/src/bsw/services/wdgm/src/Wdgm.c,221,0,note,WdgM_State is assigned,,,,,True,unresolved
,/Users/stefan/.openclaw/workspace/yuleASR/src/bsw/services/wdgm/src/Wdgm.c,271,0,note,WdgM_State is overwritten,,,,,True,unresolved
,/Users/stefan/.openclaw/workspace/yuleASR/src/bsw/services/wdgm/src/Wdgm.c,272,0,style,Variable 'WdgM_SafetyMagic' is reassigned a value before the old one has been used. [redundantAssignment],,,,,True,unresolved
,/Users/stefan/.openclaw/workspace/yuleASR/src/bsw/services/wdgm/src/Wdgm.c,270,0,note,WdgM_SafetyMagic is assigned,,,,,True,unresolved
,/Users/stefan/.openclaw/workspace/yuleASR/src/bsw/services/wdgm/src/Wdgm.c,272,0,note,WdgM_SafetyMagic is overwritten,,,,,True,unresolved
misra-c2023-8.4,/Users/stefan/.openclaw/workspace/yuleASR/src/bsw/services/wdgm/src/Wdgm.c,190,0,style,misra violation (use --rule-texts=<file> to get proper output) [misra-c2012-8.4],SWE-MISRA-S1,cppcheck,,cppcheck,True,unresolved
misra-c2023-8.4,/Users/stefan/.openclaw/workspace/yuleASR/src/bsw/services/wdgm/src/Wdgm.c,286,0,style,misra violation (use --rule-texts=<file> to get proper output) [misra-c2012-8.4],SWE-MISRA-S1,cppcheck,,cppcheck,True,unresolved
misra-c2023-8.4,/Users/stefan/.openclaw/workspace/yuleASR/src/bsw/services/wdgm/src/Wdgm.c,329,0,style,misra violation (use --rule-texts=<file> to get proper output) [misra-c2012-8.4],SWE-MISRA-S1,cppcheck,,cppcheck,True,unresolved
misra-c2023-8.4,/Users/stefan/.openclaw/workspace/yuleASR/src/bsw/services/wdgm/src/Wdgm.c,338,0,style,misra violation (use --rule-texts=<file> to get proper output) [misra-c2012-8.4],SWE-MISRA-S1,cppcheck,,cppcheck,True,unresolved
misra-c2023-8.4,/Users/stefan/.openclaw/workspace/yuleASR/src/bsw/services/wdgm/src/Wdgm.c,385,0,style,misra violation (use --rule-texts=<file> to get proper output) [misra-c2012-8.4],SWE-MISRA-S1,cppcheck,,cppcheck,True,unresolved
misra-c2023-8.4,/Users/stefan/.openclaw/workspace/yuleASR/src/bsw/services/wdgm/src/Wdgm.c,393,0,style,misra violation (use --rule-texts=<file> to get proper output) [misra-c2012-8.4],SWE-MISRA-S1,cppcheck,,cppcheck,True,unresolved
misra-c2023-8.4,/Users/stefan/.openclaw/workspace/yuleASR/src/bsw/services/wdgm/src/Wdgm.c,402,0,style,misra violation (use --rule-texts=<file> to get proper output) [misra-c2012-8.4],SWE-MISRA-S1,cppcheck,,cppcheck,True,unresolved
misra-c2023-8.4,/Users/stefan/.openclaw/workspace/yuleASR/src/bsw/services/wdgm/src/Wdgm.c,449,0,style,misra violation (use --rule-texts=<file> to get proper output) [misra-c2012-8.4],SWE-MISRA-S1,cppcheck,,cppcheck,True,unresolved
misra-c2023-8.4,/Users/stefan/.openclaw/workspace/yuleASR/src/bsw/services/wdgm/src/Wdgm.c,457,0,style,misra violation (use --rule-texts=<file> to get proper output) [misra-c2012-8.4],SWE-MISRA-S1,cppcheck,,cppcheck,True,unresolved
misra-c2023-8.4,/Users/stefan/.openclaw/workspace/yuleASR/src/bsw/services/wdgm/src/Wdgm.c,487,0,style,misra violation (use --rule-texts=<file> to get proper output) [misra-c2012-8.4],SWE-MISRA-S1,cppcheck,,cppcheck,True,unresolved
misra-c2023-8.4,/Users/stefan/.openclaw/workspace/yuleASR/src/bsw/services/wdgm/src/Wdgm.c,513,0,style,misra violation (use --rule-texts=<file> to get proper output) [misra-c2012-8.4],SWE-MISRA-S1,cppcheck,,cppcheck,True,unresolved
misra-c2023-8.4,/Users/stefan/.openclaw/workspace/yuleASR/src/bsw/services/wdgm/src/Wdgm.c,541,0,style,misra violation (use --rule-texts=<file> to get proper output) [misra-c2012-8.4],SWE-MISRA-S1,cppcheck,,cppcheck,True,unresolved
misra-c2023-8.4,/Users/stefan/.openclaw/workspace/yuleASR/src/bsw/services/wdgm/src/Wdgm.c,570,0,style,misra violation (use --rule-texts=<file> to get proper output) [misra-c2012-8.4],SWE-MISRA-S1,cppcheck,,cppcheck,True,unresolved
misra-c2023-8.4,/Users/stefan/.openclaw/workspace/yuleASR/src/bsw/services/wdgm/src/Wdgm.c,617,0,style,misra violation (use --rule-texts=<file> to get proper output) [misra-c2012-8.4],SWE-MISRA-S1,cppcheck,,cppcheck,True,unresolved
misra-c2023-8.4,/Users/stefan/.openclaw/workspace/yuleASR/src/bsw/services/wdgm/src/Wdgm.c,638,0,style,misra violation (use --rule-texts=<file> to get proper output) [misra-c2012-8.4],SWE-MISRA-S1,cppcheck,,cppcheck,True,unresolved
misra-c2023-8.4,/Users/stefan/.openclaw/workspace/yuleASR/src/bsw/services/wdgm/src/Wdgm.c,655,0,style,misra violation (use --rule-texts=<file> to get proper output) [misra-c2012-8.4],SWE-MISRA-S1,cppcheck,,cppcheck,True,unresolved
misra-c2023-8.4,/Users/stefan/.openclaw/workspace/yuleASR/src/bsw/services/wdgm/src/Wdgm.c,677,0,style,misra violation (use --rule-texts=<file> to get proper output) [misra-c2012-8.4],SWE-MISRA-S1,cppcheck,,cppcheck,True,unresolved
misra-c2023-8.4,/Users/stefan/.openclaw/workspace/yuleASR/src/bsw/services/wdgm/src/Wdgm.c,705,0,style,misra violation (use --rule-texts=<file> to get proper output) [misra-c2012-8.4],SWE-MISRA-S1,cppcheck,,cppcheck,True,unresolved
misra-c2023-8.4,/Users/stefan/.openclaw/workspace/yuleASR/src/bsw/services/wdgm/src/Wdgm.c,732,0,style,misra violation (use --rule-texts=<file> to get proper output) [misra-c2012-8.4],SWE-MISRA-S1,cppcheck,,cppcheck,True,unresolved
misra-c2023-8.4,/Users/stefan/.openclaw/workspace/yuleASR/src/bsw/services/wdgm/src/Wdgm.c,745,0,style,misra violation (use --rule-texts=<file> to get proper output) [misra-c2012-8.4],SWE-MISRA-S1,cppcheck,,cppcheck,True,unresolved
misra-c2023-15.5,/Users/stefan/.openclaw/workspace/yuleASR/src/bsw/services/wdgm/src/Wdgm.c,200,0,style,misra violation (use --rule-texts=<file> to get proper output) [misra-c2012-15.5],SWE-MISRA-S1,cppcheck,,cppcheck,True,unresolved
misra-c2023-15.5,/Users/stefan/.openclaw/workspace/yuleASR/src/bsw/services/wdgm/src/Wdgm.c,206,0,style,misra violation (use --rule-texts=<file> to get proper output) [misra-c2012-15.5],SWE-MISRA-S1,cppcheck,,cppcheck,True,unresolved
misra-c2023-15.5,/Users/stefan/.openclaw/workspace/yuleASR/src/bsw/services/wdgm/src/Wdgm.c,214,0,style,misra violation (use --rule-texts=<file> to get proper output) [misra-c2012-15.5],SWE-MISRA-S1,cppcheck,,cppcheck,True,unresolved
misra-c2023-15.5,/Users/stefan/.openclaw/workspace/yuleASR/src/bsw/services/wdgm/src/Wdgm.c,294,0,style,misra violation (use --rule-texts=<file> to get proper output) [misra-c2012-15.5],SWE-MISRA-S1,cppcheck,,cppcheck,True,unresolved
misra-c2023-15.5,/Users/stefan/.openclaw/workspace/yuleASR/src/bsw/services/wdgm/src/Wdgm.c,306,0,style,misra violation (use --rule-texts=<file> to get proper output) [misra-c2012-15.5],SWE-MISRA-S1,cppcheck,,cppcheck,True,unresolved
misra-c2023-15.5,/Users/stefan/.openclaw/workspace/yuleASR/src/bsw/services/wdgm/src/Wdgm.c,346,0,style,misra violation (use --rule-texts=<file> to get proper output) [misra-c2012-15.5],SWE-MISRA-S1,cppcheck,,cppcheck,True,unresolved
misra-c2023-15.5,/Users/stefan/.openclaw/workspace/yuleASR/src/bsw/services/wdgm/src/Wdgm.c,352,0,style,misra violation (use --rule-texts=<file> to get proper output) [misra-c2012-15.5],SWE-MISRA-S1,cppcheck,,cppcheck,True,unresolved
misra-c2023-15.5,/Users/stefan/.openclaw/workspace/yuleASR/src/bsw/services/wdgm/src/Wdgm.c,360,0,style,misra violation (use --rule-texts=<file> to get proper output) [misra-c2012-15.5],SWE-MISRA-S1,cppcheck,,cppcheck,True,unresolved
misra-c2023-15.5,/Users/stefan/.openclaw/workspace/yuleASR/src/bsw/services/wdgm/src/Wdgm.c,411,0,style,misra violation (use --rule-texts=<file> to get proper output) [misra-c2012-15.5],SWE-MISRA-S1,cppcheck,,cppcheck,True,unresolved
misra-c2023-15.5,/Users/stefan/.openclaw/workspace/yuleASR/src/bsw/services/wdgm/src/Wdgm.c,465,0,style,misra violation (use --rule-texts=<file> to get proper output) [misra-c2012-15.5],SWE-MISRA-S1,cppcheck,,cppcheck,True,unresolved
misra-c2023-15.5,/Users/stefan/.openclaw/workspace/yuleASR/src/bsw/services/wdgm/src/Wdgm.c,470,0,style,misra violation (use --rule-texts=<file> to get proper output) [misra-c2012-15.5],SWE-MISRA-S1,cppcheck,,cppcheck,True,unresolved
misra-c2023-15.5,/Users/stefan/.openclaw/workspace/yuleASR/src/bsw/services/wdgm/src/Wdgm.c,495,0,style,misra violation (use --rule-texts=<file> to get proper output) [misra-c2012-15.5],SWE-MISRA-S1,cppcheck,,cppcheck,True,unresolved
misra-c2023-15.5,/Users/stefan/.openclaw/workspace/yuleASR/src/bsw/services/wdgm/src/Wdgm.c,521,0,style,misra violation (use --rule-texts=<file> to get proper output) [misra-c2012-15.5],SWE-MISRA-S1,cppcheck,,cppcheck,True,unresolved
misra-c2023-15.5,/Users/stefan/.openclaw/workspace/yuleASR/src/bsw/services/wdgm/src/Wdgm.c,546,0,style,misra violation (use --rule-texts=<file> to get proper output) [misra-c2012-15.5],SWE-MISRA-S1,cppcheck,,cppcheck,True,unresolved
misra-c2023-15.5,/Users/stefan/.openclaw/workspace/yuleASR/src/bsw/services/wdgm/src/Wdgm.c,551,0,style,misra violation (use --rule-texts=<file> to get proper output) [misra-c2012-15.5],SWE-MISRA-S1,cppcheck,,cppcheck,True,unresolved
misra-c2023-15.5,/Users/stefan/.openclaw/workspace/yuleASR/src/bsw/services/wdgm/src/Wdgm.c,574,0,style,misra violation (use --rule-texts=<file> to get proper output) [misra-c2012-15.5],SWE-MISRA-S1,cppcheck,,cppcheck,True,unresolved
misra-c2023-15.5,/Users/stefan/.openclaw/workspace/yuleASR/src/bsw/services/wdgm/src/Wdgm.c,581,0,style,misra violation (use --rule-texts=<file> to get proper output) [misra-c2012-15.5],SWE-MISRA-S1,cppcheck,,cppcheck,True,unresolved
misra-c2023-15.5,/Users/stefan/.openclaw/workspace/yuleASR/src/bsw/services/wdgm/src/Wdgm.c,624,0,style,misra violation (use --rule-texts=<file> to get proper output) [misra-c2012-15.5],SWE-MISRA-S1,cppcheck,,cppcheck,True,unresolved
misra-c2023-15.5,/Users/stefan/.openclaw/workspace/yuleASR/src/bsw/services/wdgm/src/Wdgm.c,660,0,style,misra violation (use --rule-texts=<file> to get proper output) [misra-c2012-15.5],SWE-MISRA-S1,cppcheck,,cppcheck,True,unresolved
misra-c2023-15.5,/Users/stefan/.openclaw/workspace/yuleASR/src/bsw/services/wdgm/src/Wdgm.c,667,0,style,misra violation (use --rule-texts=<file> to get proper output) [misra-c2012-15.5],SWE-MISRA-S1,cppcheck,,cppcheck,True,unresolved
misra-c2023-15.5,/Users/stefan/.openclaw/workspace/yuleASR/src/bsw/services/wdgm/src/Wdgm.c,683,0,style,misra violation (use --rule-texts=<file> to get proper output) [misra-c2012-15.5],SWE-MISRA-S1,cppcheck,,cppcheck,True,unresolved
misra-c2023-15.5,/Users/stefan/.openclaw/workspace/yuleASR/src/bsw/services/wdgm/src/Wdgm.c,711,0,style,misra violation (use --rule-texts=<file> to get proper output) [misra-c2012-15.5],SWE-MISRA-S1,cppcheck,,cppcheck,True,unresolved
misra-c2023-15.5,/Users/stefan/.openclaw/workspace/yuleASR/src/bsw/services/wdgm/src/Wdgm.c,790,0,style,misra violation (use --rule-texts=<file> to get proper output) [misra-c2012-15.5],SWE-MISRA-S1,cppcheck,,cppcheck,True,unresolved
misra-c2023-15.5,/Users/stefan/.openclaw/workspace/yuleASR/src/bsw/services/wdgm/src/Wdgm.c,795,0,style,misra violation (use --rule-texts=<file> to get proper output) [misra-c2012-15.5],SWE-MISRA-S1,cppcheck,,cppcheck,True,unresolved
misra-c2023-15.5,/Users/stefan/.openclaw/workspace/yuleASR/src/bsw/services/wdgm/src/Wdgm.c,800,0,style,misra violation (use --rule-texts=<file> to get proper output) [misra-c2012-15.5],SWE-MISRA-S1,cppcheck,,cppcheck,True,unresolved
misra-c2023-15.5,/Users/stefan/.openclaw/workspace/yuleASR/src/bsw/services/wdgm/src/Wdgm.c,878,0,style,misra violation (use --rule-texts=<file> to get proper output) [misra-c2012-15.5],SWE-MISRA-S1,cppcheck,,cppcheck,True,unresolved
,/Users/stefan/.openclaw/workspace/yuleASR/src/bsw/services/wdgm/src/Wdgm.c,197,0,error,"Because of missing configuration, misra checking is incomplete. There can be false negatives! Variable 'NULL_PTR' is unknown [misra-config]",,,,,True,unresolved
,/Users/stefan/.openclaw/workspace/yuleASR/src/bsw/services/wdgm/src/Wdgm.c,203,0,error,"Because of missing configuration, misra checking is incomplete. There can be false negatives! Variable 'WDGM_STATE_UNINIT' is unknown [misra-config]",,,,,True,unresolved
,/Users/stefan/.openclaw/workspace/yuleASR/src/bsw/services/wdgm/src/Wdgm.c,211,0,error,"Because of missing configuration, misra checking is incomplete. There can be false negatives! Variable 'E_OK' is unknown [misra-config]",,,,,True,unresolved
,/Users/stefan/.openclaw/workspace/yuleASR/src/bsw/services/wdgm/src/Wdgm.c,239,0,error,"Because of missing configuration, misra checking is incomplete. There can be false negatives! Variable 'NULL_PTR' is unknown [misra-config]",,,,,True,unresolved
,/Users/stefan/.openclaw/workspace/yuleASR/src/bsw/services/wdgm/src/Wdgm.c,243,0,error,"Because of missing configuration, misra checking is incomplete. There can be false negatives! Variable 'WDGM_CFG_MAX_SUPERVISED_ENTITIES' is unknown [misra-config]",,,,,True,unresolved
,/Users/stefan/.openclaw/workspace/yuleASR/src/bsw/services/wdgm/src/Wdgm.c,247,0,error,"Because of missing configuration, misra checking is incomplete. There can be false negatives! Variable 'enabled' is unknown [misra-config]",,,,,True,unresolved
,/Users/stefan/.openclaw/workspace/yuleASR/src/bsw/services/wdgm/src/Wdgm.c,291,0,error,"Because of missing configuration, misra checking is incomplete. There can be false negatives! Variable 'WDGM_STATE_UNINIT' is unknown [misra-config]",,,,,True,unresolved
,/Users/stefan/.openclaw/workspace/yuleASR/src/bsw/services/wdgm/src/Wdgm.c,343,0,error,"Because of missing configuration, misra checking is incomplete. There can be false negatives! Variable 'WDGM_STATE_UNINIT' is unknown [misra-config]",,,,,True,unresolved
,/Users/stefan/.openclaw/workspace/yuleASR/src/bsw/services/wdgm/src/Wdgm.c,349,0,error,"Because of missing configuration, misra checking is incomplete. There can be false negatives! Variable 'WDGM_WATCHDOG_MODE_FAST' is unknown [misra-config]",,,,,True,unresolved
,/Users/stefan/.openclaw/workspace/yuleASR/src/bsw/services/wdgm/src/Wdgm.c,357,0,error,"Because of missing configuration, misra checking is incomplete. There can be false negatives! Variable 'WDGM_WATCHDOG_MODE_OFF' is unknown [misra-config]",,,,,True,unresolved
,/Users/stefan/.openclaw/workspace/yuleASR/src/bsw/services/wdgm/src/Wdgm.c,372,0,error,"Because of missing configuration, misra checking is incomplete. There can be false negatives! Variable 'WDGM_WATCHDOG_MODE_OFF' is unknown [misra-config]",,,,,True,unresolved
,/Users/stefan/.openclaw/workspace/yuleASR/src/bsw/services/wdgm/src/Wdgm.c,408,0,error,"Because of missing configuration, misra checking is incomplete. There can be false negatives! Variable 'WDGM_STATE_UNINIT' is unknown [misra-config]",,,,,True,unresolved
,/Users/stefan/.openclaw/workspace/yuleASR/src/bsw/services/wdgm/src/Wdgm.c,418,0,error,"Because of missing configuration, misra checking is incomplete. There can be false negatives! Variable 'E_OK' is unknown [misra-config]",,,,,True,unresolved
,/Users/stefan/.openclaw/workspace/yuleASR/src/bsw/services/wdgm/src/Wdgm.c,424,0,error,"Because of missing configuration, misra checking is incomplete. There can be false negatives! Variable 'aliveCounter' is unknown [misra-config]",,,,,True,unresolved
,/Users/stefan/.openclaw/workspace/yuleASR/src/bsw/services/wdgm/src/Wdgm.c,433,0,error,"Because of missing configuration, misra checking is incomplete. There can be false negatives! Variable 'state' is unknown [misra-config]",,,,,True,unresolved
,/Users/stefan/.openclaw/workspace/yuleASR/src/bsw/services/wdgm/src/Wdgm.c,433,0,error,"Because of missing configuration, misra checking is incomplete. There can be false negatives! Variable 'WDGM_SE_STATE_DEACTIVATED' is unknown [misra-config]",,,,,True,unresolved
,/Users/stefan/.openclaw/workspace/yuleASR/src/bsw/services/wdgm/src/Wdgm.c,463,0,error,"Because of missing configuration, misra checking is incomplete. There can be false negatives! Variable 'WDGM_STATE_UNINIT' is unknown [misra-config]",,,,,True,unresolved
,/Users/stefan/.openclaw/workspace/yuleASR/src/bsw/services/wdgm/src/Wdgm.c,468,0,error,"Because of missing configuration, misra checking is incomplete. There can be false negatives! Variable 'NULL_PTR' is unknown [misra-config]",,,,,True,unresolved
,/Users/stefan/.openclaw/workspace/yuleASR/src/bsw/services/wdgm/src/Wdgm.c,476,0,error,"Because of missing configuration, misra checking is incomplete. There can be false negatives! Variable 'E_OK' is unknown [misra-config]",,,,,True,unresolved
,/Users/stefan/.openclaw/workspace/yuleASR/src/bsw/services/wdgm/src/Wdgm.c,493,0,error,"Because of missing configuration, misra checking is incomplete. There can be false negatives! Variable 'WDGM_STATE_UNINIT' is unknown [misra-config]",,,,,True,unresolved
,/Users/stefan/.openclaw/workspace/yuleASR/src/bsw/services/wdgm/src/Wdgm.c,501,0,error,"Because of missing configuration, misra checking is incomplete. There can be false negatives! Variable 'E_OK' is unknown [misra-config]",,,,,True,unresolved
,/Users/stefan/.openclaw/workspace/yuleASR/src/bsw/services/wdgm/src/Wdgm.c,519,0,error,"Because of missing configuration, misra checking is incomplete. There can be false negatives! Variable 'WDGM_STATE_UNINIT' is unknown [misra-config]",,,,,True,unresolved
,/Users/stefan/.openclaw/workspace/yuleASR/src/bsw/services/wdgm/src/Wdgm.c,527,0,error,"Because of missing configuration, misra checking is incomplete. There can be false negatives! Variable 'E_OK' is unknown [misra-config]",,,,,True,unresolved
,/Users/stefan/.openclaw/workspace/yuleASR/src/bsw/services/wdgm/src/Wdgm.c,544,0,error,"Because of missing configuration, misra checking is incomplete. There can be false negatives! Variable 'NULL_PTR' is unknown [misra-config]",,,,,True,unresolved
,/Users/stefan/.openclaw/workspace/yuleASR/src/bsw/services/wdgm/src/Wdgm.c,549,0,error,"Because of missing configuration, misra checking is incomplete. There can be false negatives! Variable 'WDGM_STATE_UNINIT' is unknown [misra-config]",,,,,True,unresolved
,/Users/stefan/.openclaw/workspace/yuleASR/src/bsw/services/wdgm/src/Wdgm.c,572,0,error,"Because of missing configuration, misra checking is incomplete. There can be false negatives! Variable 'WDGM_STATE_UNINIT' is unknown [misra-config]",,,,,True,unresolved
,/Users/stefan/.openclaw/workspace/yuleASR/src/bsw/services/wdgm/src/Wdgm.c,592,0,error,"Because of missing configuration, misra checking is incomplete. There can be false negatives! Variable 'NULL_PTR' is unknown [misra-config]",,,,,True,unresolved
,/Users/stefan/.openclaw/workspace/yuleASR/src/bsw/services/wdgm/src/Wdgm.c,599,0,error,"Because of missing configuration, misra checking is incomplete. There can be false negatives! Variable 'WDGM_STATE_ACTIVE' is unknown [misra-config]",,,,,True,unresolved
,/Users/stefan/.openclaw/workspace/yuleASR/src/bsw/services/wdgm/src/Wdgm.c,619,0,error,"Because of missing configuration, misra checking is incomplete. There can be false negatives! Variable 'WDGM_STATE_ACTIVE' is unknown [misra-config]",,,,,True,unresolved
,/Users/stefan/.openclaw/workspace/yuleASR/src/bsw/services/wdgm/src/Wdgm.c,658,0,error,"Because of missing configuration, misra checking is incomplete. There can be false negatives! Variable 'NULL_PTR' is unknown [misra-config]",,,,,True,unresolved
,/Users/stefan/.openclaw/workspace/yuleASR/src/bsw/services/wdgm/src/Wdgm.c,680,0,error,"Because of missing configuration, misra checking is incomplete. There can be false negatives! Variable 'WDGM_STATE_UNINIT' is unknown [misra-config]",,,,,True,unresolved
,/Users/stefan/.openclaw/workspace/yuleASR/src/bsw/services/wdgm/src/Wdgm.c,708,0,error,"Because of missing configuration, misra checking is incomplete. There can be false negatives! Variable 'WDGM_STATE_UNINIT' is unknown [misra-config]",,,,,True,unresolved
,/Users/stefan/.openclaw/workspace/yuleASR/src/bsw/services/wdgm/src/Wdgm.c,747,0,error,"Because of missing configuration, misra checking is incomplete. There can be false negatives! Variable 'NULL_PTR' is unknown [misra-config]",,,,,True,unresolved
,/Users/stefan/.openclaw/workspace/yuleASR/src/bsw/services/wdgm/src/Wdgm.c,777,0,error,"Because of missing configuration, misra checking is incomplete. There can be false negatives! Variable 'NULL_PTR' is unknown [misra-config]",,,,,True,unresolved
,/Users/stefan/.openclaw/workspace/yuleASR/src/bsw/services/wdgm/src/Wdgm.c,788,0,error,"Because of missing configuration, misra checking is incomplete. There can be false negatives! Variable 'WDGM_CFG_MAX_SUPERVISED_ENTITIES' is unknown [misra-config]",,,,,True,unresolved
,/Users/stefan/.openclaw/workspace/yuleASR/src/bsw/services/wdgm/src/Wdgm.c,815,0,error,"Because of missing configuration, misra checking is incomplete. There can be false negatives! Variable 'deactivated' is unknown [misra-config]",,,,,True,unresolved
,/Users/stefan/.openclaw/workspace/yuleASR/src/bsw/services/wdgm/src/Wdgm.c,816,0,error,"Because of missing configuration, misra checking is incomplete. There can be false negatives! Variable 'seId' is unknown [misra-config]",,,,,True,unresolved
,/Users/stefan/.openclaw/workspace/yuleASR/src/bsw/services/wdgm/src/Wdgm.c,831,0,error,"Because of missing configuration, misra checking is incomplete. There can be false negatives! Variable 'NULL_PTR' is unknown [misra-config]",,,,,True,unresolved
,/Users/stefan/.openclaw/workspace/yuleASR/src/bsw/services/wdgm/src/Wdgm.c,838,0,error,"Because of missing configuration, misra checking is incomplete. There can be false negatives! Variable 'consecutiveErrors' is unknown [misra-config]",,,,,True,unresolved
,/Users/stefan/.openclaw/workspace/yuleASR/src/bsw/services/wdgm/src/Wdgm.c,838,0,error,"Because of missing configuration, misra checking is incomplete. There can be false negatives! Variable 'WDGM_CFG_FAILURE_THRESHOLD' is unknown [misra-config]",,,,,True,unresolved
,/Users/stefan/.openclaw/workspace/yuleASR/src/bsw/services/wdgm/src/Wdgm.c,875,0,error,"Because of missing configuration, misra checking is incomplete. There can be false negatives! Variable 'seId' is unknown [misra-config]",,,,,True,unresolved
misra-c2023-20.1,/Users/stefan/.openclaw/workspace/yuleASR/src/bsw/services/wdgm/src/Wdgm.c,117,0,style,misra violation (use --rule-texts=<file> to get proper output) [misra-c2012-20.1],SWE-MISRA-S1,cppcheck,,cppcheck,True,unresolved
misra-c2023-20.1,/Users/stefan/.openclaw/workspace/yuleASR/src/bsw/services/wdgm/src/Wdgm.c,120,0,style,misra violation (use --rule-texts=<file> to get proper output) [misra-c2012-20.1],SWE-MISRA-S1,cppcheck,,cppcheck,True,unresolved
misra-c2023-20.1,/Users/stefan/.openclaw/workspace/yuleASR/src/bsw/services/wdgm/src/Wdgm.c,164,0,style,misra violation (use --rule-texts=<file> to get proper output) [misra-c2012-20.1],SWE-MISRA-S1,cppcheck,,cppcheck,True,unresolved
misra-c2023-20.1,/Users/stefan/.openclaw/workspace/yuleASR/src/bsw/services/wdgm/src/Wdgm.c,184,0,style,misra violation (use --rule-texts=<file> to get proper output) [misra-c2012-20.1],SWE-MISRA-S1,cppcheck,,cppcheck,True,unresolved
misra-c2023-20.1,/Users/stefan/.openclaw/workspace/yuleASR/src/bsw/services/wdgm/src/Wdgm.c,918,0,style,misra violation (use --rule-texts=<file> to get proper output) [misra-c2012-20.1],SWE-MISRA-S1,cppcheck,,cppcheck,True,unresolved
misra-c2023-20.9,/Users/stefan/.openclaw/workspace/yuleASR/src/bsw/services/wdgm/src/Wdgm.c,34,0,style,misra violation (use --rule-texts=<file> to get proper output) [misra-c2012-20.9],SWE-MISRA-S1,cppcheck,,cppcheck,True,unresolved
misra-c2023-20.9,/Users/stefan/.openclaw/workspace/yuleASR/src/bsw/services/wdgm/src/Wdgm.c,38,0,style,misra violation (use --rule-texts=<file> to get proper output) [misra-c2012-20.9],SWE-MISRA-S1,cppcheck,,cppcheck,True,unresolved
misra-c2023-20.9,/Users/stefan/.openclaw/workspace/yuleASR/src/bsw/services/wdgm/src/Wdgm.c,42,0,style,misra violation (use --rule-texts=<file> to get proper output) [misra-c2012-20.9],SWE-MISRA-S1,cppcheck,,cppcheck,True,unresolved
misra-c2023-20.9,/Users/stefan/.openclaw/workspace/yuleASR/src/bsw/services/wdgm/src/Wdgm.c,196,0,style,misra violation (use --rule-texts=<file> to get proper output) [misra-c2012-20.9],SWE-MISRA-S1,cppcheck,,cppcheck,True,unresolved
misra-c2023-20.9,/Users/stefan/.openclaw/workspace/yuleASR/src/bsw/services/wdgm/src/Wdgm.c,290,0,style,misra violation (use --rule-texts=<file> to get proper output) [misra-c2012-20.9],SWE-MISRA-S1,cppcheck,,cppcheck,True,unresolved
misra-c2023-20.9,/Users/stefan/.openclaw/workspace/yuleASR/src/bsw/services/wdgm/src/Wdgm.c,342,0,style,misra violation (use --rule-texts=<file> to get proper output) [misra-c2012-20.9],SWE-MISRA-S1,cppcheck,,cppcheck,True,unresolved
misra-c2023-20.9,/Users/stefan/.openclaw/workspace/yuleASR/src/bsw/services/wdgm/src/Wdgm.c,371,0,style,misra violation (use --rule-texts=<file> to get proper output) [misra-c2012-20.9],SWE-MISRA-S1,cppcheck,,cppcheck,True,unresolved
misra-c2023-20.9,/Users/stefan/.openclaw/workspace/yuleASR/src/bsw/services/wdgm/src/Wdgm.c,407,0,style,misra violation (use --rule-texts=<file> to get proper output) [misra-c2012-20.9],SWE-MISRA-S1,cppcheck,,cppcheck,True,unresolved
misra-c2023-20.9,/Users/stefan/.openclaw/workspace/yuleASR/src/bsw/services/wdgm/src/Wdgm.c,462,0,style,misra violation (use --rule-texts=<file> to get proper output) [misra-c2012-20.9],SWE-MISRA-S1,cppcheck,,cppcheck,True,unresolved
misra-c2023-20.9,/Users/stefan/.openclaw/workspace/yuleASR/src/bsw/services/wdgm/src/Wdgm.c,492,0,style,misra violation (use --rule-texts=<file> to get proper output) [misra-c2012-20.9],SWE-MISRA-S1,cppcheck,,cppcheck,True,unresolved
misra-c2023-20.9,/Users/stefan/.openclaw/workspace/yuleASR/src/bsw/services/wdgm/src/Wdgm.c,518,0,style,misra violation (use --rule-texts=<file> to get proper output) [misra-c2012-20.9],SWE-MISRA-S1,cppcheck,,cppcheck,True,unresolved
misra-c2023-20.9,/Users/stefan/.openclaw/workspace/yuleASR/src/bsw/services/wdgm/src/Wdgm.c,543,0,style,misra violation (use --rule-texts=<file> to get proper output) [misra-c2012-20.9],SWE-MISRA-S1,cppcheck,,cppcheck,True,unresolved
misra-c2023-20.9,/Users/stefan/.openclaw/workspace/yuleASR/src/bsw/services/wdgm/src/Wdgm.c,657,0,style,misra violation (use --rule-texts=<file> to get proper output) [misra-c2012-20.9],SWE-MISRA-S1,cppcheck,,cppcheck,True,unresolved
misra-c2023-20.9,/Users/stefan/.openclaw/workspace/yuleASR/src/bsw/services/wdgm/src/Wdgm.c,679,0,style,misra violation (use --rule-texts=<file> to get proper output) [misra-c2012-20.9],SWE-MISRA-S1,cppcheck,,cppcheck,True,unresolved
misra-c2023-20.9,/Users/stefan/.openclaw/workspace/yuleASR/src/bsw/services/wdgm/src/Wdgm.c,693,0,style,misra violation (use --rule-texts=<file> to get proper output) [misra-c2012-20.9],SWE-MISRA-S1,cppcheck,,cppcheck,True,unresolved
misra-c2023-20.9,/Users/stefan/.openclaw/workspace/yuleASR/src/bsw/services/wdgm/src/Wdgm.c,707,0,style,misra violation (use --rule-texts=<file> to get proper output) [misra-c2012-20.9],SWE-MISRA-S1,cppcheck,,cppcheck,True,unresolved
misra-c2023-20.9,/Users/stefan/.openclaw/workspace/yuleASR/src/bsw/services/wdgm/src/Wdgm.c,721,0,style,misra violation (use --rule-texts=<file> to get proper output) [misra-c2012-20.9],SWE-MISRA-S1,cppcheck,,cppcheck,True,unresolved
misra-c2023-20.9,/Users/stefan/.openclaw/workspace/yuleASR/src/bsw/services/wdgm/src/Wdgm.c,741,0,style,misra violation (use --rule-texts=<file> to get proper output) [misra-c2012-20.9],SWE-MISRA-S1,cppcheck,,cppcheck,True,unresolved
misra-c2023-20.9,/Users/stefan/.openclaw/workspace/yuleASR/src/bsw/services/wdgm/src/Wdgm.c,767,0,style,misra violation (use --rule-texts=<file> to get proper output) [misra-c2012-20.9],SWE-MISRA-S1,cppcheck,,cppcheck,True,unresolved
misra-c2023-20.9,/Users/stefan/.openclaw/workspace/yuleASR/src/bsw/services/wdgm/src/Wdgm.c,861,0,style,misra violation (use --rule-texts=<file> to get proper output) [misra-c2012-20.9],SWE-MISRA-S1,cppcheck,,cppcheck,True,unresolved
,/Users/stefan/.openclaw/workspace/yuleASR/src/bsw/services/cantsyn/src/CanTsyn.c,151,0,style,The function 'CanTSyn_Init' is never used. [unusedFunction],,,,,True,unresolved
,/Users/stefan/.openclaw/workspace/yuleASR/src/bsw/services/cantsyn/src/CanTsyn.c,192,0,style,The function 'CanTSyn_GetVersionInfo' is never used. [unusedFunction],,,,,True,unresolved
,/Users/stefan/.openclaw/workspace/yuleASR/src/bsw/services/cantsyn/src/CanTsyn.c,214,0,style,The function 'CanTSyn_TxConfirmation' is never used. [unusedFunction],,,,,True,unresolved
,/Users/stefan/.openclaw/workspace/yuleASR/src/bsw/services/cantsyn/src/CanTsyn.c,242,0,style,The function 'CanTSyn_RxIndication' is never used. [unusedFunction],,,,,True,unresolved
,/Users/stefan/.openclaw/workspace/yuleASR/src/bsw/services/cantsyn/src/CanTsyn.c,338,0,style,The function 'CanTSyn_PrepareOfsMessage' is never used. [unusedFunction],,,,,True,unresolved
,/Users/stefan/.openclaw/workspace/yuleASR/src/bsw/services/cantsyn/src/CanTsyn.c,468,0,style,The function 'CanTSyn_MainFunction' is never used. [unusedFunction],,,,,True,unresolved
,/Users/stefan/.openclaw/workspace/yuleASR/src/bsw/services/comm/src/ComM.c,90,0,style,The function 'ComM_Init' is never used. [unusedFunction],,,,,True,unresolved
,/Users/stefan/.openclaw/workspace/yuleASR/src/bsw/services/comm/src/ComM.c,143,0,style,The function 'ComM_DeInit' is never used. [unusedFunction],,,,,True,unresolved
,/Users/stefan/.openclaw/workspace/yuleASR/src/bsw/services/comm/src/ComM.c,165,0,style,The function 'ComM_GetVersionInfo' is never used. [unusedFunction],,,,,True,unresolved
,/Users/stefan/.openclaw/workspace/yuleASR/src/bsw/services/comm/src/ComM.c,188,0,style,The function 'ComM_RequestComMode' is never used. [unusedFunction],,,,,True,unresolved
,/Users/stefan/.openclaw/workspace/yuleASR/src/bsw/services/comm/src/ComM.c,238,0,style,The function 'ComM_GetRequestedComMode' is never used. [unusedFunction],,,,,True,unresolved
,/Users/stefan/.openclaw/workspace/yuleASR/src/bsw/services/comm/src/ComM.c,243,0,style,The function 'ComM_GetCurrentComMode' is never used. [unusedFunction],,,,,True,unresolved
,/Users/stefan/.openclaw/workspace/yuleASR/src/bsw/services/comm/src/ComM.c,283,0,style,The function 'ComM_CommunicationAllowed' is never used. [unusedFunction],,,,,True,unresolved
,/Users/stefan/.openclaw/workspace/yuleASR/src/bsw/services/comm/src/ComM.c,300,0,style,The function 'ComM_MainFunction' is never used. [unusedFunction],,,,,True,unresolved
,/Users/stefan/.openclaw/workspace/yuleASR/src/bsw/services/comm/src/ComM.c,334,0,style,The function 'ComM_RequestPncMode' is never used. [unusedFunction],,,,,True,unresolved
,/Users/stefan/.openclaw/workspace/yuleASR/src/bsw/services/comm/src/ComM.c,352,0,style,The function 'ComM_GetPncMode' is never used. [unusedFunction],,,,,True,unresolved
,/Users/stefan/.openclaw/workspace/yuleASR/src/bsw/services/comm/src/ComM.c,373,0,style,The function 'ComM_EcuM_WakeUpIndication' is never used. [unusedFunction],,,,,True,unresolved
,/Users/stefan/.openclaw/workspace/yuleASR/src/bsw/services/comm/src/ComM.c,395,0,style,The function 'ComM_EcuM_BusWakeUpIndication' is never used. [unusedFunction],,,,,True,unresolved
,/Users/stefan/.openclaw/workspace/yuleASR/src/bsw/services/comm/src/ComM.c,410,0,style,The function 'ComM_EcuM_RunRequestIndication' is never used. [unusedFunction],,,,,True,unresolved
,/Users/stefan/.openclaw/workspace/yuleASR/src/bsw/services/comm/src/ComM.c,466,0,style,The function 'ComM_DCM_ActiveDiagnostic' is never used. [unusedFunction],,,,,True,unresolved
,/Users/stefan/.openclaw/workspace/yuleASR/src/bsw/services/comm/src/ComM.c,483,0,style,The function 'ComM_DCM_InactiveDiagnostic' is never used. [unusedFunction],,,,,True,unresolved
,/Users/stefan/.openclaw/workspace/yuleASR/src/bsw/services/comm/src/ComM.c,497,0,style,The function 'ComM_DCM_PassiveDiagnostic' is never used. [unusedFunction],,,,,True,unresolved
,/Users/stefan/.openclaw/workspace/yuleASR/src/bsw/services/comm/src/ComM.c,521,0,style,The function 'ComM_ECNM_NetworkMode' is never used. [unusedFunction],,,,,True,unresolved
,/Users/stefan/.openclaw/workspace/yuleASR/src/bsw/services/comm/src/ComM.c,526,0,style,The function 'ComM_ECNM_PrepareBusSleepMode' is never used. [unusedFunction],,,,,True,unresolved
,/Users/stefan/.openclaw/workspace/yuleASR/src/bsw/services/comm/src/ComM.c,531,0,style,The function 'ComM_ECNM_BusSleepMode' is never used. [unusedFunction],,,,,True,unresolved
,/Users/stefan/.openclaw/workspace/yuleASR/src/bsw/services/comm/src/ComM.c,540,0,style,The function 'ComM_Nvm_StartUpError' is never used. [unusedFunction],,,,,True,unresolved
,/Users/stefan/.openclaw/workspace/yuleASR/src/bsw/services/comm/src/ComM.c,545,0,style,The function 'ComM_Nvm_StoreInhibitionStatus' is never used. [unusedFunction],,,,,True,unresolved
,/Users/stefan/.openclaw/workspace/yuleASR/src/bsw/services/comm/src/ComM.c,554,0,style,The function 'ComM_GetInhibitionStatus' is never used. [unusedFunction],,,,,True,unresolved
,/Users/stefan/.openclaw/workspace/yuleASR/src/bsw/services/comm/src/ComM.c,575,0,style,The function 'ComM_LimitChannelToNoComMode' is never used. [unusedFunction],,,,,True,unresolved
,/Users/stefan/.openclaw/workspace/yuleASR/src/bsw/services/comm/src/ComM.c,591,0,style,The function 'ComM_LimitECUToNoComMode' is never used. [unusedFunction],,,,,True,unresolved
,/Users/stefan/.openclaw/workspace/yuleASR/src/bsw/services/comm/src/ComM.c,611,0,style,The function 'ComM_PreventWakeUp' is never used. [unusedFunction],,,,,True,unresolved
,/Users/stefan/.openclaw/workspace/yuleASR/src/bsw/services/comm/src/ComM.c,707,0,style,The function 'ComM_ProcessChannelTransitions' is never used. [unusedFunction],,,,,True,unresolved
,/Users/stefan/.openclaw/workspace/yuleASR/src/bsw/services/doip/src/DoIp_Lcfg.c,189,0,style,The function 'Dcm_DoIPRxIndication' is never used. [unusedFunction],,,,,True,unresolved
,/Users/stefan/.openclaw/workspace/yuleASR/src/bsw/services/doip/src/DoIp_Lcfg.c,204,0,style,The function 'Dcm_DoIPTxConfirmation' is never used. [unusedFunction],,,,,True,unresolved
,/Users/stefan/.openclaw/workspace/yuleASR/src/bsw/services/doip/src/DoIp_Lcfg.c,218,0,style,The function 'Dcm_DoIPRoutingActivation' is never used. [unusedFunction],,,,,True,unresolved
,/Users/stefan/.openclaw/workspace/yuleASR/src/bsw/services/wdgm/src/Wdgm.c,190,0,style,The function 'WdgM_Init' is never used. [unusedFunction],,,,,True,unresolved
,/Users/stefan/.openclaw/workspace/yuleASR/src/bsw/services/wdgm/src/Wdgm.c,286,0,style,The function 'WdgM_DeInit' is never used. [unusedFunction],,,,,True,unresolved
,/Users/stefan/.openclaw/workspace/yuleASR/src/bsw/services/wdgm/src/Wdgm.c,329,0,style,The function 'WdgM_GetState' is never used. [unusedFunction],,,,,True,unresolved
,/Users/stefan/.openclaw/workspace/yuleASR/src/bsw/services/wdgm/src/Wdgm.c,338,0,style,The function 'WdgM_SetMode' is never used. [unusedFunction],,,,,True,unresolved
,/Users/stefan/.openclaw/workspace/yuleASR/src/bsw/services/wdgm/src/Wdgm.c,385,0,style,The function 'WdgM_GetMode' is never used. [unusedFunction],,,,,True,unresolved
,/Users/stefan/.openclaw/workspace/yuleASR/src/bsw/services/wdgm/src/Wdgm.c,449,0,style,The function 'WdgM_UpdateAliveIndication' is never used. [unusedFunction],,,,,True,unresolved
,/Users/stefan/.openclaw/workspace/yuleASR/src/bsw/services/wdgm/src/Wdgm.c,457,0,style,The function 'WdgM_GetSEState' is never used. [unusedFunction],,,,,True,unresolved
,/Users/stefan/.openclaw/workspace/yuleASR/src/bsw/services/wdgm/src/Wdgm.c,487,0,style,The function 'WdgM_DeactivateSupervisionEntity' is never used. [unusedFunction],,,,,True,unresolved
,/Users/stefan/.openclaw/workspace/yuleASR/src/bsw/services/wdgm/src/Wdgm.c,513,0,style,The function 'WdgM_ActivateSupervisionEntity' is never used. [unusedFunction],,,,,True,unresolved
,/Users/stefan/.openclaw/workspace/yuleASR/src/bsw/services/wdgm/src/Wdgm.c,541,0,style,The function 'WdgM_GetGlobalStatus' is never used. [unusedFunction],,,,,True,unresolved
,/Users/stefan/.openclaw/workspace/yuleASR/src/bsw/services/wdgm/src/Wdgm.c,570,0,style,The function 'WdgM_MainFunction' is never used. [unusedFunction],,,,,True,unresolved
,/Users/stefan/.openclaw/workspace/yuleASR/src/bsw/services/wdgm/src/Wdgm.c,655,0,style,The function 'WdgM_GetFirstExpiredSEID' is never used. [unusedFunction],,,,,True,unresolved
,/Users/stefan/.openclaw/workspace/yuleASR/src/bsw/services/wdgm/src/Wdgm.c,677,0,style,The function 'WdgM_HandleLockstepError' is never used. [unusedFunction],,,,,True,unresolved
,/Users/stefan/.openclaw/workspace/yuleASR/src/bsw/services/wdgm/src/Wdgm.c,705,0,style,The function 'WdgM_HandleRamSafetyError' is never used. [unusedFunction],,,,,True,unresolved
,/Users/stefan/.openclaw/workspace/yuleASR/src/bsw/services/wdgm/src/Wdgm.c,732,0,style,The function 'WdgM_RegisterSafetyCallback' is never used. [unusedFunction],,,,,True,unresolved
,/Users/stefan/.openclaw/workspace/yuleASR/src/bsw/services/wdgm/src/Wdgm.c,745,0,style,The function 'WdgM_GetVersionInfo' is never used. [unusedFunction],,,,,True,unresolved
,/Users/stefan/.openclaw/workspace/yuleASR/src/bsw/services/comm/src/ComM.c,215,0,style,The function 'ComM_GetMaxComMode' should have static linkage since it is not used outside of its translation unit. [staticFunction],,,,,True,unresolved
,/Users/stefan/.openclaw/workspace/yuleASR/src/bsw/services/comm/src/ComM.c,325,0,style,The function 'ComM_MainFunctionPnc' should have static linkage since it is not used outside of its translation unit. [staticFunction],,,,,True,unresolved
,/Users/stefan/.openclaw/workspace/yuleASR/src/bsw/services/comm/src/ComM.c,420,0,style,The function 'ComM_BusSM_ModeIndication' should have static linkage since it is not used outside of its translation unit. [staticFunction],,,,,True,unresolved
,/Users/stefan/.openclaw/workspace/yuleASR/src/bsw/services/comm/src/ComM.c,447,0,style,The function 'ComM_BusSM_BusSleepMode' should have static linkage since it is not used outside of its translation unit. [staticFunction],,,,,True,unresolved
,/Users/stefan/.openclaw/workspace/yuleASR/src/bsw/services/comm/src/ComM.c,452,0,style,The function 'ComM_BusSM_NetworkMode' should have static linkage since it is not used outside of its translation unit. [staticFunction],,,,,True,unresolved
,/Users/stefan/.openclaw/workspace/yuleASR/src/bsw/services/comm/src/ComM.c,457,0,style,The function 'ComM_BusSM_PrepareBusSleepMode' should have static linkage since it is not used outside of its translation unit. [staticFunction],,,,,True,unresolved
,/Users/stefan/.openclaw/workspace/yuleASR/src/bsw/services/wdgm/src/Wdgm.c,393,0,style,The function 'WdgM_IsDisableAllowed' should have static linkage since it is not used outside of its translation unit. [staticFunction],,,,,True,unresolved
,/Users/stefan/.openclaw/workspace/yuleASR/src/bsw/services/wdgm/src/Wdgm.c,402,0,style,The function 'WdgM_CheckpointReached' should have static linkage since it is not used outside of its translation unit. [staticFunction],,,,,True,unresolved
,/Users/stefan/.openclaw/workspace/yuleASR/src/bsw/services/wdgm/src/Wdgm.c,617,0,style,The function 'WdgM_TriggerWatchdog' should have static linkage since it is not used outside of its translation unit. [staticFunction],,,,,True,unresolved
,/Users/stefan/.openclaw/workspace/yuleASR/src/bsw/services/wdgm/src/Wdgm.c,638,0,style,The function 'WdgM_PerformReset' should have static linkage since it is not used outside of its translation unit. [staticFunction],,,,,True,unresolved
,/Users/stefan/.openclaw/workspace/yuleASR/src/bsw/services/wdgm/src/Wdgm.c,765,0,style,The function 'WdgM_ReportError' should have static linkage since it is not used outside of its translation unit. [staticFunction],,,,,True,unresolved
,/Users/stefan/.openclaw/workspace/yuleASR/src/bsw/services/wdgm/src/Wdgm.c,775,0,style,The function 'WdgM_NotifyEvent' should have static linkage since it is not used outside of its translation unit. [staticFunction],,,,,True,unresolved
,/Users/stefan/.openclaw/workspace/yuleASR/src/bsw/services/wdgm/src/Wdgm.c,786,0,style,The function 'WdgM_ValidateConfig' should have static linkage since it is not used outside of its translation unit. [staticFunction],,,,,True,unresolved
,/Users/stefan/.openclaw/workspace/yuleASR/src/bsw/services/wdgm/src/Wdgm.c,809,0,style,The function 'WdgM_UpdateSupervision' should have static linkage since it is not used outside of its translation unit. [staticFunction],,,,,True,unresolved
,/Users/stefan/.openclaw/workspace/yuleASR/src/bsw/services/wdgm/src/Wdgm.c,826,0,style,The function 'WdgM_CheckEntityAlive' should have static linkage since it is not used outside of its translation unit. [staticFunction],,,,,True,unresolved
,/Users/stefan/.openclaw/workspace/yuleASR/src/bsw/services/wdgm/src/Wdgm.c,849,0,style,The function 'WdgM_HandleExpiredSupervision' should have static linkage since it is not used outside of its translation unit. [staticFunction],,,,,True,unresolved
,/Users/stefan/.openclaw/workspace/yuleASR/src/bsw/services/wdgm/src/Wdgm.c,869,0,style,The function 'WdgM_FindEntityIndex' should have static linkage since it is not used outside of its translation unit. [staticFunction],,,,,True,unresolved
,/Users/stefan/.openclaw/workspace/yuleASR/src/bsw/services/wdgm/src/Wdgm.c,888,0,style,The function 'WdgM_PlatformTrigger' should have static linkage since it is not used outside of its translation unit. [staticFunction],,,,,True,unresolved
,/Users/stefan/.openclaw/workspace/yuleASR/src/bsw/services/wdgm/src/Wdgm.c,897,0,style,The function 'WdgM_PlatformSetMode' should have static linkage since it is not used outside of its translation unit. [staticFunction],,,,,True,unresolved
,/Users/stefan/.openclaw/workspace/yuleASR/src/bsw/services/wdgm/src/Wdgm.c,906,0,style,The function 'WdgM_PerformSafetyAction' should have static linkage since it is not used outside of its translation unit. [staticFunction],,,,,True,unresolved
misra-c2023-2.5,/Users/stefan/.openclaw/workspace/yuleASR/src/bsw/services/cantsyn/src/CanTsyn.c,43,0,style,misra violation (use --rule-texts=<file> to get proper output) [misra-c2012-2.5],SWE-MISRA-S1,cppcheck,,cppcheck,True,unresolved
misra-c2023-2.5,/Users/stefan/.openclaw/workspace/yuleASR/src/bsw/services/cantsyn/src/CanTsyn.c,53,0,style,misra violation (use --rule-texts=<file> to get proper output) [misra-c2012-2.5],SWE-MISRA-S1,cppcheck,,cppcheck,True,unresolved
misra-c2023-2.5,/Users/stefan/.openclaw/workspace/yuleASR/src/bsw/services/cantsyn/src/CanTsyn.c,54,0,style,misra violation (use --rule-texts=<file> to get proper output) [misra-c2012-2.5],SWE-MISRA-S1,cppcheck,,cppcheck,True,unresolved
misra-c2023-2.5,/Users/stefan/.openclaw/workspace/yuleASR/src/bsw/services/cantsyn/src/CanTsyn.c,55,0,style,misra violation (use --rule-texts=<file> to get proper output) [misra-c2012-2.5],SWE-MISRA-S1,cppcheck,,cppcheck,True,unresolved
misra-c2023-2.5,/Users/stefan/.openclaw/workspace/yuleASR/src/bsw/services/cantsyn/src/CanTsyn.c,56,0,style,misra violation (use --rule-texts=<file> to get proper output) [misra-c2012-2.5],SWE-MISRA-S1,cppcheck,,cppcheck,True,unresolved
misra-c2023-2.5,/Users/stefan/.openclaw/workspace/yuleASR/src/bsw/services/cantsyn/src/CanTsyn.c,63,0,style,misra violation (use --rule-texts=<file> to get proper output) [misra-c2012-2.5],SWE-MISRA-S1,cppcheck,,cppcheck,True,unresolved
misra-c2023-2.5,/Users/stefan/.openclaw/workspace/yuleASR/src/bsw/services/cantsyn/src/CanTsyn.c,64,0,style,misra violation (use --rule-texts=<file> to get proper output) [misra-c2012-2.5],SWE-MISRA-S1,cppcheck,,cppcheck,True,unresolved
misra-c2023-2.5,/Users/stefan/.openclaw/workspace/yuleASR/src/bsw/services/cantsyn/src/CanTsyn.c,67,0,style,misra violation (use --rule-texts=<file> to get proper output) [misra-c2012-2.5],SWE-MISRA-S1,cppcheck,,cppcheck,True,unresolved
misra-c2023-2.5,/Users/stefan/.openclaw/workspace/yuleASR/src/bsw/services/cantsyn/src/CanTsyn.c,68,0,style,misra violation (use --rule-texts=<file> to get proper output) [misra-c2012-2.5],SWE-MISRA-S1,cppcheck,,cppcheck,True,unresolved
misra-c2023-2.5,/Users/stefan/.openclaw/workspace/yuleASR/src/bsw/services/wdgm/src/Wdgm.c,59,0,style,misra violation (use --rule-texts=<file> to get proper output) [misra-c2012-2.5],SWE-MISRA-S1,cppcheck,,cppcheck,True,unresolved
misra-c2023-2.5,/Users/stefan/.openclaw/workspace/yuleASR/src/bsw/services/wdgm/src/Wdgm.c,61,0,style,misra violation (use --rule-texts=<file> to get proper output) [misra-c2012-2.5],SWE-MISRA-S1,cppcheck,,cppcheck,True,unresolved
misra-c2023-2.5,/Users/stefan/.openclaw/workspace/yuleASR/src/bsw/services/wdgm/src/Wdgm.c,63,0,style,misra violation (use --rule-texts=<file> to get proper output) [misra-c2012-2.5],SWE-MISRA-S1,cppcheck,,cppcheck,True,unresolved
misra-c2023-2.5,/Users/stefan/.openclaw/workspace/yuleASR/src/bsw/services/wdgm/src/Wdgm.c,64,0,style,misra violation (use --rule-texts=<file> to get proper output) [misra-c2012-2.5],SWE-MISRA-S1,cppcheck,,cppcheck,True,unresolved
misra-c2023-2.5,/Users/stefan/.openclaw/workspace/yuleASR/src/bsw/services/wdgm/src/Wdgm.c,65,0,style,misra violation (use --rule-texts=<file> to get proper output) [misra-c2012-2.5],SWE-MISRA-S1,cppcheck,,cppcheck,True,unresolved
misra-c2023-2.5,/Users/stefan/.openclaw/workspace/yuleASR/src/bsw/services/wdgm/src/Wdgm.c,66,0,style,misra violation (use --rule-texts=<file> to get proper output) [misra-c2012-2.5],SWE-MISRA-S1,cppcheck,,cppcheck,True,unresolved
misra-c2023-2.5,/Users/stefan/.openclaw/workspace/yuleASR/src/bsw/services/wdgm/src/Wdgm.c,67,0,style,misra violation (use --rule-texts=<file> to get proper output) [misra-c2012-2.5],SWE-MISRA-S1,cppcheck,,cppcheck,True,unresolved
misra-c2023-2.5,/Users/stefan/.openclaw/workspace/yuleASR/src/bsw/services/wdgm/src/Wdgm.c,68,0,style,misra violation (use --rule-texts=<file> to get proper output) [misra-c2012-2.5],SWE-MISRA-S1,cppcheck,,cppcheck,True,unresolved
misra-c2023-2.5,/Users/stefan/.openclaw/workspace/yuleASR/src/bsw/services/wdgm/src/Wdgm.c,69,0,style,misra violation (use --rule-texts=<file> to get proper output) [misra-c2012-2.5],SWE-MISRA-S1,cppcheck,,cppcheck,True,unresolved
misra-c2023-2.5,/Users/stefan/.openclaw/workspace/yuleASR/src/bsw/services/wdgm/src/Wdgm.c,70,0,style,misra violation (use --rule-texts=<file> to get proper output) [misra-c2012-2.5],SWE-MISRA-S1,cppcheck,,cppcheck,True,unresolved
misra-c2023-2.5,/Users/stefan/.openclaw/workspace/yuleASR/src/bsw/services/wdgm/src/Wdgm.c,71,0,style,misra violation (use --rule-texts=<file> to get proper output) [misra-c2012-2.5],SWE-MISRA-S1,cppcheck,,cppcheck,True,unresolved
misra-c2023-2.5,/Users/stefan/.openclaw/workspace/yuleASR/src/bsw/services/wdgm/src/Wdgm.c,93,0,style,misra violation (use --rule-texts=<file> to get proper output) [misra-c2012-2.5],SWE-MISRA-S1,cppcheck,,cppcheck,True,unresolved
misra-c2023-2.5,/Users/stefan/.openclaw/workspace/yuleASR/src/bsw/services/wdgm/src/Wdgm.c,116,0,style,misra violation (use --rule-texts=<file> to get proper output) [misra-c2012-2.5],SWE-MISRA-S1,cppcheck,,cppcheck,True,unresolved
misra-c2023-2.5,/Users/stefan/.openclaw/workspace/yuleASR/src/bsw/services/wdgm/src/Wdgm.c,119,0,style,misra violation (use --rule-texts=<file> to get proper output) [misra-c2012-2.5],SWE-MISRA-S1,cppcheck,,cppcheck,True,unresolved
misra-c2023-2.5,/Users/stefan/.openclaw/workspace/yuleASR/src/bsw/services/wdgm/src/Wdgm.c,163,0,style,misra violation (use --rule-texts=<file> to get proper output) [misra-c2012-2.5],SWE-MISRA-S1,cppcheck,,cppcheck,True,unresolved
misra-c2023-2.5,/Users/stefan/.openclaw/workspace/yuleASR/src/bsw/services/wdgm/src/Wdgm.c,183,0,style,misra violation (use --rule-texts=<file> to get proper output) [misra-c2012-2.5],SWE-MISRA-S1,cppcheck,,cppcheck,True,unresolved
misra-c2023-2.5,/Users/stefan/.openclaw/workspace/yuleASR/src/bsw/services/wdgm/src/Wdgm.c,917,0,style,misra violation (use --rule-texts=<file> to get proper output) [misra-c2012-2.5],SWE-MISRA-S1,cppcheck,,cppcheck,True,unresolved
,nofile,0,0,information,Unmatched suppression: missingIncludeSystem [unmatchedSuppression],,,,,True,unresolved
,nofile,0,0,information,Active checkers: There was critical errors (use --checkers-report=<filename> to see details) [checkersReport],,,,,True,unresolved
